school_id,school_name,district,connectivity,water_occurrence_pct,flood_frequency,jrc_norm,gfd_norm,flood_score,conn_penalty,exposure,final_score,risk_tier,latitude,longitude,school_type
IND_00001,Secondary School Chennai 1,Chennai,not_connected,0.0,0.0,0.0,0.0,0.0,15,85,15.0,MEDIUM,13.0047,80.5404,Secondary
IND_00002,Primary School Chennai 2,Chennai,not_connected,11.73,0.24,11.7,2.0,7.8,15,85,22.8,MEDIUM,12.8736,80.0636,Primary
IND_00003,Primary School Chennai 3,Chennai,not_connected,99.24,0.0,99.2,0.0,59.5,15,85,74.5,CRITICAL,13.1407,80.3948,Primary
IND_00004,Primary School Chennai 4,Chennai,connected,0.0,0.0,0.0,0.0,0.0,0,85,0.0,LOW,13.2795,80.0974,Primary
IND_00005,Upper Primary School Chennai 5,Chennai,connected,99.33,0.0,99.3,0.0,59.6,0,85,59.6,CRITICAL,12.9625,80.2849,Upper Primary
IND_00006,Primary School Chennai 6,Chennai,not_connected,9.18,0.0,9.2,0.0,5.5,15,85,20.5,MEDIUM,13.1471,80.0537,Primary
IND_00007,Primary School Chennai 7,Chennai,not_connected,99.32,0.0,99.3,0.0,59.6,15,85,74.6,CRITICAL,13.0536,80.4411,Primary
IND_00008,Upper Primary School Chennai 8,Chennai,connected,14.26,0.0,14.3,0.0,8.6,0,85,8.6,LOW,13.1354,79.9979,Upper Primary
IND_00009,Higher Secondary School Chennai 9,Chennai,not_connected,0.0,0.0,0.0,0.0,0.0,15,85,15.0,MEDIUM,12.819,80.5393,Higher Secondary
IND_00010,Upper Primary School Chennai 10,Chennai,not_connected,36.39,0.15,36.4,1.2,22.3,15,85,37.3,HIGH,12.9628,80.0286,Upper Primary
IND_00011,Primary School Chennai 11,Chennai,not_connected,99.45,0.0,99.4,0.0,59.6,15,85,74.6,CRITICAL,12.8532,80.2671,Primary
IND_00012,Primary School Chennai 12,Chennai,not_connected,99.17,0.0,99.2,0.0,59.5,15,85,74.5,CRITICAL,12.9353,80.3675,Primary
IND_00013,Higher Secondary School Chennai 13,Chennai,not_connected,14.24,0.17,14.2,1.4,9.1,15,85,24.1,MEDIUM,13.108,80.0809,Higher Secondary
IND_00014,Upper Primary School Chennai 14,Chennai,not_connected,0.0,0.0,0.0,0.0,0.0,15,85,15.0,MEDIUM,13.3437,80.5069,Upper Primary
IND_00015,Primary School Chennai 15,Chennai,not_connected,12.37,0.0,12.4,0.0,7.4,15,85,22.4,MEDIUM,12.8331,80.0876,Primary
IND_00016,Secondary School Chennai 16,Chennai,not_connected,0.0,0.0,0.0,0.0,0.0,15,85,15.0,MEDIUM,13.0132,80.1328,Secondary
IND_00017,Primary School Chennai 17,Chennai,not_connected,99.14,0.0,99.1,0.0,59.5,15,85,74.5,CRITICAL,12.9486,80.2956,Primary
IND_00018,Secondary School Chennai 18,Chennai,connected,0.0,0.0,0.0,0.0,0.0,0,85,0.0,LOW,12.8247,80.5621,Secondary
IND_00019,Secondary School Chennai 19,Chennai,not_connected,0.0,0.0,0.0,0.0,0.0,15,85,15.0,MEDIUM,12.7833,80.4593,Secondary
IND_00020,Primary School Chennai 20,Chennai,connected,3.23,0.0,3.2,0.0,1.9,0,85,1.9,LOW,13.2428,80.0144,Primary
IND_00021,Primary School Chennai 21,Chennai,connected,80.32,0.54,80.3,4.5,50.0,0,85,50.0,CRITICAL,13.2979,80.344,Primary
IND_00022,Secondary School Chennai 22,Chennai,not_connected,29.11,0.0,29.1,0.0,17.5,15,85,32.5,HIGH,12.9666,80.1651,Secondary
IND_00023,Primary School Chennai 23,Chennai,not_connected,4.42,0.0,4.4,0.0,2.6,15,85,17.6,MEDIUM,13.3123,80.2533,Primary
IND_00024,Secondary School Chennai 24,Chennai,not_connected,18.37,0.01,18.4,0.1,11.1,15,85,26.1,HIGH,13.2365,80.3068,Secondary
IND_00025,Primary School Chennai 25,Chennai,connected,0.0,0.0,0.0,0.0,0.0,0,85,0.0,LOW,13.0936,80.2265,Primary
IND_00026,Primary School Chennai 26,Chennai,not_connected,99.12,0.0,99.1,0.0,59.5,15,85,74.5,CRITICAL,12.7989,80.3518,Primary
IND_00027,Upper Primary School Chennai 27,Chennai,not_connected,9.01,0.0,9.0,0.0,5.4,15,85,20.4,MEDIUM,13.3245,80.1196,Upper Primary
IND_00028,Primary School Chennai 28,Chennai,connected,7.4,0.0,7.4,0.0,4.4,0,85,4.4,LOW,12.9173,80.0162,Primary
IND_00029,Upper Primary School Chennai 29,Chennai,not_connected,99.22,0.0,99.2,0.0,59.5,15,85,74.5,CRITICAL,13.3378,80.4549,Upper Primary
IND_00030,Secondary School Chennai 30,Chennai,not_connected,1.83,0.23,1.8,1.9,1.8,15,85,16.8,MEDIUM,13.2622,80.0819,Secondary
IND_00031,Primary School Chennai 31,Chennai,connected,0.0,0.0,0.0,0.0,0.0,0,85,0.0,LOW,13.2645,80.5077,Primary
IND_00032,Secondary School Chennai 32,Chennai,not_connected,8.45,0.88,8.4,7.3,8.0,15,85,23.0,MEDIUM,12.9168,80.2263,Secondary
IND_00033,Upper Primary School Chennai 33,Chennai,connected,99.25,0.0,99.2,0.0,59.5,0,85,59.5,CRITICAL,12.7842,80.2764,Upper Primary
IND_00034,Higher Secondary School Chennai 34,Chennai,not_connected,25.45,0.02,25.4,0.2,15.3,15,85,30.3,HIGH,12.8519,80.1726,Higher Secondary
IND_00035,Primary School Chennai 35,Chennai,not_connected,99.23,0.0,99.2,0.0,59.5,15,85,74.5,CRITICAL,13.0913,80.3918,Primary
IND_00036,Upper Primary School Chennai 36,Chennai,not_connected,1.71,0.0,1.7,0.0,1.0,15,85,16.0,MEDIUM,13.3575,80.1211,Upper Primary
IND_00037,Upper Primary School Chennai 37,Chennai,not_connected,30.7,0.3,30.7,2.5,19.4,15,85,34.4,HIGH,12.9509,79.9921,Upper Primary
IND_00038,Higher Secondary School Chennai 38,Chennai,connected,23.48,0.0,23.5,0.0,14.1,0,85,14.1,MEDIUM,12.8109,80.1372,Higher Secondary
IND_00039,Higher Secondary School Chennai 39,Chennai,connected,99.36,0.0,99.4,0.0,59.6,0,85,59.6,CRITICAL,12.8669,80.2637,Higher Secondary
IND_00040,Primary School Chennai 40,Chennai,not_connected,99.32,0.0,99.3,0.0,59.6,15,85,74.6,CRITICAL,13.1833,80.427,Primary
IND_00041,Upper Primary School Chennai 41,Chennai,not_connected,99.25,0.0,99.2,0.0,59.5,15,85,74.5,CRITICAL,13.0007,80.3494,Upper Primary
IND_00042,Primary School Chennai 42,Chennai,connected,0.0,0.0,0.0,0.0,0.0,0,85,0.0,LOW,12.8342,80.4712,Primary
IND_00043,Upper Primary School Chennai 43,Chennai,connected,99.0,0.0,99.0,0.0,59.4,0,85,59.4,CRITICAL,12.8045,80.3245,Upper Primary
IND_00044,Upper Primary School Chennai 44,Chennai,connected,0.0,0.0,0.0,0.0,0.0,0,85,0.0,LOW,13.0873,80.1059,Upper Primary
IND_00045,Higher Secondary School Chennai 45,Chennai,connected,0.0,0.0,0.0,0.0,0.0,0,85,0.0,LOW,13.1946,80.202,Higher Secondary
IND_00046,Higher Secondary School Chennai 46,Chennai,not_connected,32.39,1.82,32.4,15.1,25.5,15,85,40.5,HIGH,12.9846,80.0381,Higher Secondary
IND_00047,Secondary School Chennai 47,Chennai,not_connected,99.18,0.0,99.2,0.0,59.5,15,85,74.5,CRITICAL,12.9348,80.366,Secondary
IND_00048,Primary School Chennai 48,Chennai,not_connected,3.17,0.0,3.2,0.0,1.9,15,85,16.9,MEDIUM,13.0978,80.1151,Primary
IND_00049,Primary School Chennai 49,Chennai,not_connected,98.38,8.56,98.4,71.0,87.4,15,85,102.4,CRITICAL,13.3203,80.3499,Primary
IND_00050,Secondary School Chennai 50,Chennai,not_connected,0.0,0.0,0.0,0.0,0.0,15,85,15.0,MEDIUM,13.2156,80.5083,Secondary
IND_00051,Primary School Cuddalore 1,Cuddalore,not_connected,0.71,0.0,0.7,0.0,0.4,15,85,15.4,MEDIUM,11.8352,79.5005,Primary
IND_00052,Primary School Cuddalore 2,Cuddalore,not_connected,21.65,0.0,21.6,0.0,13.0,15,85,28.0,HIGH,11.8139,79.4555,Primary
IND_00053,Upper Primary School Cuddalore 3,Cuddalore,not_connected,3.64,0.0,3.6,0.0,2.2,15,85,17.2,MEDIUM,11.453,79.5465,Upper Primary
IND_00054,Secondary School Cuddalore 4,Cuddalore,connected,3.28,0.0,3.3,0.0,2.0,0,85,2.0,LOW,11.8412,79.5846,Secondary
IND_00055,Upper Primary School Cuddalore 5,Cuddalore,not_connected,99.52,0.0,99.5,0.0,59.7,15,85,74.7,CRITICAL,11.6452,79.8979,Upper Primary
IND_00056,Primary School Cuddalore 6,Cuddalore,not_connected,11.65,0.0,11.6,0.0,7.0,15,85,22.0,MEDIUM,11.8446,79.791,Primary
IND_00057,Higher Secondary School Cuddalore 7,Cuddalore,not_connected,0.0,0.0,0.0,0.0,0.0,15,85,15.0,MEDIUM,11.6091,79.5964,Higher Secondary
IND_00058,Secondary School Cuddalore 8,Cuddalore,not_connected,3.0,0.0,3.0,0.0,1.8,15,85,16.8,MEDIUM,11.9852,79.8287,Secondary
IND_00059,Primary School Cuddalore 9,Cuddalore,not_connected,13.21,0.0,13.2,0.0,7.9,15,85,22.9,MEDIUM,11.7961,79.7455,Primary
IND_00060,Upper Primary School Cuddalore 10,Cuddalore,connected,0.0,0.0,0.0,0.0,0.0,0,85,0.0,LOW,11.6185,79.4646,Upper Primary
IND_00061,Higher Secondary School Cuddalore 11,Cuddalore,not_connected,99.19,0.0,99.2,0.0,59.5,15,85,74.5,CRITICAL,12.0143,80.0224,Higher Secondary
IND_00062,Upper Primary School Cuddalore 12,Cuddalore,not_connected,99.16,0.0,99.2,0.0,59.5,15,85,74.5,CRITICAL,11.4593,80.007,Upper Primary
IND_00063,Primary School Cuddalore 13,Cuddalore,not_connected,99.76,0.0,99.8,0.0,59.9,15,85,74.9,CRITICAL,12.0282,79.9618,Primary
IND_00064,Primary School Cuddalore 14,Cuddalore,not_connected,0.0,0.0,0.0,0.0,0.0,15,85,15.0,MEDIUM,11.9607,79.6402,Primary
IND_00065,Upper Primary School Cuddalore 15,Cuddalore,connected,99.37,8.74,99.4,72.5,88.6,0,85,88.6,CRITICAL,12.0117,79.8676,Upper Primary
IND_00066,Primary School Cuddalore 16,Cuddalore,not_connected,0.0,0.0,0.0,0.0,0.0,15,85,15.0,MEDIUM,11.819,80.044,Primary
IND_00067,Upper Primary School Cuddalore 17,Cuddalore,not_connected,99.11,0.0,99.1,0.0,59.5,15,85,74.5,CRITICAL,11.9764,79.8945,Upper Primary
IND_00068,Secondary School Cuddalore 18,Cuddalore,not_connected,0.0,0.0,0.0,0.0,0.0,15,85,15.0,MEDIUM,11.6657,79.6262,Secondary
IND_00069,Upper Primary School Cuddalore 19,Cuddalore,not_connected,99.41,0.0,99.4,0.0,59.6,15,85,74.6,CRITICAL,11.9702,79.9979,Upper Primary
IND_00070,Secondary School Cuddalore 20,Cuddalore,not_connected,99.52,8.4,99.5,69.7,87.6,15,85,102.6,CRITICAL,11.929,79.84,Secondary
IND_00071,Primary School Cuddalore 21,Cuddalore,connected,0.0,0.0,0.0,0.0,0.0,0,85,0.0,LOW,11.984,79.6528,Primary
IND_00072,Upper Primary School Cuddalore 22,Cuddalore,not_connected,6.75,0.0,6.8,0.0,4.1,15,85,19.1,MEDIUM,11.797,79.4716,Upper Primary
IND_00073,Primary School Cuddalore 23,Cuddalore,connected,99.08,0.0,99.1,0.0,59.5,0,85,59.5,CRITICAL,11.6219,79.8045,Primary
IND_00074,Primary School Cuddalore 24,Cuddalore,not_connected,0.0,0.0,0.0,0.0,0.0,15,85,15.0,MEDIUM,11.9436,79.6661,Primary
IND_00075,Upper Primary School Cuddalore 25,Cuddalore,connected,14.37,0.0,14.4,0.0,8.6,0,85,8.6,LOW,11.912,79.5795,Upper Primary
IND_00076,Upper Primary School Cuddalore 26,Cuddalore,not_connected,34.31,0.1,34.3,0.8,20.9,15,85,35.9,HIGH,11.481,79.7688,Upper Primary
IND_00077,Upper Primary School Cuddalore 27,Cuddalore,not_connected,0.0,0.0,0.0,0.0,0.0,15,85,15.0,MEDIUM,11.8857,80.0355,Upper Primary
IND_00078,Upper Primary School Cuddalore 28,Cuddalore,connected,0.0,0.0,0.0,0.0,0.0,0,85,0.0,LOW,11.9271,79.6125,Upper Primary
IND_00079,Secondary School Cuddalore 29,Cuddalore,not_connected,0.0,0.0,0.0,0.0,0.0,15,85,15.0,MEDIUM,11.4652,80.0276,Secondary
IND_00080,Primary School Cuddalore 30,Cuddalore,connected,23.12,0.0,23.1,0.0,13.9,0,85,13.9,MEDIUM,11.6954,79.554,Primary
IND_00081,Upper Primary School Cuddalore 31,Cuddalore,connected,99.76,0.0,99.8,0.0,59.9,0,85,59.9,CRITICAL,11.7795,79.8788,Upper Primary
IND_00082,Upper Primary School Cuddalore 32,Cuddalore,not_connected,99.63,0.0,99.6,0.0,59.8,15,85,74.8,CRITICAL,12.0229,79.8927,Upper Primary
IND_00083,Primary School Cuddalore 33,Cuddalore,not_connected,0.0,0.0,0.0,0.0,0.0,15,85,15.0,MEDIUM,11.7018,79.5986,Primary
IND_00084,Primary School Cuddalore 34,Cuddalore,connected,12.77,0.0,12.8,0.0,7.7,0,85,7.7,LOW,11.4586,79.5196,Primary
IND_00085,Upper Primary School Cuddalore 35,Cuddalore,connected,99.85,0.0,99.8,0.0,59.9,0,85,59.9,CRITICAL,11.9633,79.8722,Upper Primary
IND_00086,Primary School Cuddalore 36,Cuddalore,not_connected,0.0,0.0,0.0,0.0,0.0,15,85,15.0,MEDIUM,11.745,79.7341,Primary
IND_00087,Upper Primary School Cuddalore 37,Cuddalore,connected,99.44,0.0,99.4,0.0,59.6,0,85,59.6,CRITICAL,11.6891,79.8195,Upper Primary
IND_00088,Upper Primary School Cuddalore 38,Cuddalore,not_connected,99.32,0.0,99.3,0.0,59.6,15,85,74.6,CRITICAL,11.6748,79.8255,Upper Primary
IND_00089,Primary School Cuddalore 39,Cuddalore,not_connected,1.81,0.0,1.8,0.0,1.1,15,85,16.1,MEDIUM,11.8452,79.5478,Primary
IND_00090,Higher Secondary School Cuddalore 40,Cuddalore,not_connected,99.53,12.05,99.5,100.0,99.7,15,85,114.7,CRITICAL,11.4659,79.8015,Higher Secondary
IND_00091,Upper Primary School Nagapattinam 1,Nagapattinam,not_connected,99.04,0.0,99.0,0.0,59.4,15,85,74.4,CRITICAL,10.6929,79.926,Upper Primary
IND_00092,Higher Secondary School Nagapattinam 2,Nagapattinam,not_connected,0.38,0.0,0.4,0.0,0.2,15,85,15.2,MEDIUM,11.0249,79.7717,Higher Secondary
IND_00093,Primary School Nagapattinam 3,Nagapattinam,connected,0.0,0.0,0.0,0.0,0.0,0,85,0.0,LOW,10.5775,79.5816,Primary
IND_00094,Primary School Nagapattinam 4,Nagapattinam,not_connected,99.23,0.0,99.2,0.0,59.5,15,85,74.5,CRITICAL,10.5167,79.9498,Primary
IND_00095,Secondary School Nagapattinam 5,Nagapattinam,connected,0.0,0.0,0.0,0.0,0.0,0,85,0.0,LOW,10.9669,79.554,Secondary
IND_00096,Upper Primary School Nagapattinam 6,Nagapattinam,not_connected,99.01,0.0,99.0,0.0,59.4,15,85,74.4,CRITICAL,10.5309,79.958,Upper Primary
IND_00097,Primary School Nagapattinam 7,Nagapattinam,connected,99.0,0.0,99.0,0.0,59.4,0,85,59.4,CRITICAL,10.901,80.0221,Primary
IND_00098,Higher Secondary School Nagapattinam 8,Nagapattinam,not_connected,98.91,0.0,98.9,0.0,59.3,15,85,74.3,CRITICAL,10.9104,80.0241,Higher Secondary
IND_00099,Primary School Nagapattinam 9,Nagapattinam,not_connected,99.11,0.0,99.1,0.0,59.5,15,85,74.5,CRITICAL,10.6832,80.0058,Primary
IND_00100,Secondary School Nagapattinam 10,Nagapattinam,not_connected,0.83,0.0,0.8,0.0,0.5,15,85,15.5,MEDIUM,10.975,79.7974,Secondary
IND_00101,Upper Primary School Nagapattinam 11,Nagapattinam,not_connected,0.0,0.0,0.0,0.0,0.0,15,85,15.0,MEDIUM,10.5219,80.0815,Upper Primary
IND_00102,Primary School Nagapattinam 12,Nagapattinam,connected,0.0,0.0,0.0,0.0,0.0,0,85,0.0,LOW,10.652,80.0773,Primary
IND_00103,Primary School Nagapattinam 13,Nagapattinam,not_connected,0.0,0.0,0.0,0.0,0.0,15,85,15.0,MEDIUM,11.0032,79.5948,Primary
IND_00104,Upper Primary School Nagapattinam 14,Nagapattinam,not_connected,99.58,0.0,99.6,0.0,59.8,15,85,74.8,CRITICAL,11.0304,79.8841,Upper Primary
IND_00105,Upper Primary School Nagapattinam 15,Nagapattinam,not_connected,0.0,0.08,0.0,0.7,0.3,15,85,15.3,MEDIUM,10.6359,79.7372,Upper Primary
IND_00106,Primary School Nagapattinam 16,Nagapattinam,not_connected,99.09,0.0,99.1,0.0,59.5,15,85,74.5,CRITICAL,10.9349,80.0138,Primary
IND_00107,Upper Primary School Nagapattinam 17,Nagapattinam,not_connected,99.34,3.11,99.3,25.8,69.9,15,85,84.9,CRITICAL,10.4945,79.8697,Upper Primary
IND_00108,Primary School Nagapattinam 18,Nagapattinam,not_connected,28.21,0.0,28.2,0.0,16.9,15,85,31.9,HIGH,10.6705,79.6102,Primary
IND_00109,Primary School Nagapattinam 19,Nagapattinam,not_connected,14.02,0.0,14.0,0.0,8.4,15,85,23.4,MEDIUM,10.8309,79.6007,Primary
IND_00110,Secondary School Nagapattinam 20,Nagapattinam,connected,99.17,0.0,99.2,0.0,59.5,0,85,59.5,CRITICAL,10.5037,80.0331,Secondary
IND_00111,Primary School Nagapattinam 21,Nagapattinam,not_connected,0.0,0.0,0.0,0.0,0.0,15,85,15.0,MEDIUM,10.5109,80.132,Primary
IND_00112,Higher Secondary School Nagapattinam 22,Nagapattinam,not_connected,0.0,0.0,0.0,0.0,0.0,15,85,15.0,MEDIUM,10.9477,80.1083,Higher Secondary
IND_00113,Secondary School Nagapattinam 23,Nagapattinam,not_connected,9.87,0.0,9.9,0.0,5.9,15,85,20.9,MEDIUM,10.6858,79.5901,Secondary
IND_00114,Primary School Nagapattinam 24,Nagapattinam,not_connected,0.0,0.0,0.0,0.0,0.0,15,85,15.0,MEDIUM,10.7145,80.0838,Primary
IND_00115,Primary School Nagapattinam 25,Nagapattinam,connected,9.95,0.0,10.0,0.0,6.0,0,85,6.0,LOW,10.4668,79.8212,Primary
IND_00116,Secondary School Nagapattinam 26,Nagapattinam,not_connected,99.25,0.0,99.2,0.0,59.5,15,85,74.5,CRITICAL,10.5305,79.9295,Secondary
IND_00117,Primary School Nagapattinam 27,Nagapattinam,not_connected,0.37,0.0,0.4,0.0,0.2,15,85,15.2,MEDIUM,11.0373,79.7649,Primary
IND_00118,Primary School Nagapattinam 28,Nagapattinam,not_connected,0.0,0.0,0.0,0.0,0.0,15,85,15.0,MEDIUM,10.5942,80.1179,Primary
IND_00119,Upper Primary School Nagapattinam 29,Nagapattinam,not_connected,0.0,0.0,0.0,0.0,0.0,15,85,15.0,MEDIUM,10.4859,80.0747,Upper Primary
IND_00120,Higher Secondary School Nagapattinam 30,Nagapattinam,not_connected,99.3,0.0,99.3,0.0,59.6,15,85,74.6,CRITICAL,10.5043,79.8723,Higher Secondary
IND_00121,Upper Primary School Nagapattinam 31,Nagapattinam,not_connected,99.27,0.0,99.3,0.0,59.6,15,85,74.6,CRITICAL,10.8376,79.9574,Upper Primary
IND_00122,Primary School Nagapattinam 32,Nagapattinam,connected,0.0,0.0,0.0,0.0,0.0,0,85,0.0,LOW,10.8106,80.0807,Primary
IND_00123,Upper Primary School Nagapattinam 33,Nagapattinam,not_connected,0.0,0.0,0.0,0.0,0.0,15,85,15.0,MEDIUM,11.0302,80.0742,Upper Primary
IND_00124,Upper Primary School Nagapattinam 34,Nagapattinam,not_connected,13.0,0.0,13.0,0.0,7.8,15,85,22.8,MEDIUM,10.6264,79.6529,Upper Primary
IND_00125,Higher Secondary School Nagapattinam 35,Nagapattinam,not_connected,8.84,0.0,8.8,0.0,5.3,15,85,20.3,MEDIUM,10.8102,79.5866,Higher Secondary
IND_00126,Primary School Thanjavur 1,Thanjavur,not_connected,14.86,0.0,14.9,0.0,8.9,15,45,23.9,MEDIUM,10.8989,79.1517,Primary
IND_00127,Higher Secondary School Thanjavur 2,Thanjavur,not_connected,3.81,0.0,3.8,0.0,2.3,15,45,17.3,MEDIUM,10.8908,78.9276,Higher Secondary
IND_00128,Upper Primary School Thanjavur 3,Thanjavur,connected,45.65,0.0,45.6,0.0,27.4,0,45,27.4,HIGH,11.0499,79.2654,Upper Primary
IND_00129,Primary School Thanjavur 4,Thanjavur,connected,18.67,0.69,18.7,5.7,13.5,0,45,13.5,MEDIUM,11.0396,79.3496,Primary
IND_00130,Higher Secondary School Thanjavur 5,Thanjavur,connected,12.8,0.0,12.8,0.0,7.7,0,45,7.7,LOW,10.7059,79.3163,Higher Secondary
IND_00131,Higher Secondary School Thanjavur 6,Thanjavur,not_connected,0.0,0.0,0.0,0.0,0.0,15,45,15.0,MEDIUM,10.8365,79.0585,Higher Secondary
IND_00132,Upper Primary School Thanjavur 7,Thanjavur,connected,7.37,0.0,7.4,0.0,4.4,0,45,4.4,LOW,10.983,79.1112,Upper Primary
IND_00133,Secondary School Thanjavur 8,Thanjavur,not_connected,17.51,0.0,17.5,0.0,10.5,15,45,25.5,HIGH,10.5138,79.3488,Secondary
IND_00134,Secondary School Thanjavur 9,Thanjavur,not_connected,15.5,0.0,15.5,0.0,9.3,15,45,24.3,MEDIUM,11.078,79.1633,Secondary
IND_00135,Upper Primary School Thanjavur 10,Thanjavur,connected,9.03,0.0,9.0,0.0,5.4,0,45,5.4,LOW,10.9898,78.9784,Upper Primary
IND_00136,Primary School Thanjavur 11,Thanjavur,not_connected,7.72,0.0,7.7,0.0,4.6,15,45,19.6,MEDIUM,11.0524,79.1937,Primary
IND_00137,Primary School Thanjavur 12,Thanjavur,not_connected,0.0,0.0,0.0,0.0,0.0,15,45,15.0,MEDIUM,10.8509,79.0449,Primary
IND_00138,Upper Primary School Thanjavur 13,Thanjavur,not_connected,1.0,0.0,1.0,0.0,0.6,15,45,15.6,MEDIUM,10.7922,79.2934,Upper Primary
IND_00139,Secondary School Thanjavur 14,Thanjavur,connected,25.19,0.0,25.2,0.0,15.1,0,45,15.1,MEDIUM,10.8111,79.1666,Secondary
IND_00140,Secondary School Thanjavur 15,Thanjavur,not_connected,5.46,0.0,5.5,0.0,3.3,15,45,18.3,MEDIUM,10.5604,78.8473,Secondary
IND_00141,Primary School Thanjavur 16,Thanjavur,connected,0.68,0.0,0.7,0.0,0.4,0,45,0.4,LOW,10.9024,78.9578,Primary
IND_00142,Primary School Thanjavur 17,Thanjavur,connected,0.0,0.0,0.0,0.0,0.0,0,45,0.0,LOW,10.6904,79.184,Primary
IND_00143,Upper Primary School Thanjavur 18,Thanjavur,not_connected,4.96,0.0,5.0,0.0,3.0,15,45,18.0,MEDIUM,11.0225,79.039,Upper Primary
IND_00144,Secondary School Thanjavur 19,Thanjavur,not_connected,9.09,0.0,9.1,0.0,5.5,15,45,20.5,MEDIUM,10.7179,79.2033,Secondary
IND_00145,Upper Primary School Thanjavur 20,Thanjavur,connected,0.0,0.0,0.0,0.0,0.0,0,45,0.0,LOW,10.5682,79.386,Upper Primary
IND_00146,Upper Primary School Thanjavur 21,Thanjavur,connected,3.0,0.0,3.0,0.0,1.8,0,45,1.8,LOW,10.7555,79.418,Upper Primary
IND_00147,Primary School Thanjavur 22,Thanjavur,connected,0.0,0.0,0.0,0.0,0.0,0,45,0.0,LOW,10.86,78.9741,Primary
IND_00148,Primary School Thanjavur 23,Thanjavur,not_connected,5.89,0.0,5.9,0.0,3.5,15,45,18.5,MEDIUM,10.5568,78.9211,Primary
IND_00149,Secondary School Thanjavur 24,Thanjavur,connected,0.0,0.0,0.0,0.0,0.0,0,45,0.0,LOW,10.5891,79.0374,Secondary
IND_00150,Primary School Thanjavur 25,Thanjavur,connected,2.45,0.34,2.4,2.8,2.6,0,45,2.6,LOW,10.8805,78.9334,Primary
IND_00151,Primary School Thanjavur 26,Thanjavur,connected,18.91,0.0,18.9,0.0,11.3,0,45,11.3,MEDIUM,10.5814,78.9972,Primary
IND_00152,Primary School Thanjavur 27,Thanjavur,connected,18.15,0.0,18.2,0.0,10.9,0,45,10.9,MEDIUM,10.5524,79.1065,Primary
IND_00153,Primary School Thanjavur 28,Thanjavur,not_connected,15.01,0.0,15.0,0.0,9.0,15,45,24.0,MEDIUM,10.7821,79.2442,Primary
IND_00154,Secondary School Thanjavur 29,Thanjavur,not_connected,12.31,0.51,12.3,4.2,9.1,15,45,24.1,MEDIUM,10.8567,78.8791,Secondary
IND_00155,Secondary School Thanjavur 30,Thanjavur,not_connected,0.0,0.0,0.0,0.0,0.0,15,45,15.0,MEDIUM,10.5166,78.9961,Secondary
IND_00156,Primary School Thanjavur 31,Thanjavur,connected,26.92,0.0,26.9,0.0,16.1,0,45,16.1,MEDIUM,10.5907,78.9556,Primary
IND_00157,Upper Primary School Thanjavur 32,Thanjavur,not_connected,0.0,0.0,0.0,0.0,0.0,15,45,15.0,MEDIUM,10.851,79.0513,Upper Primary
IND_00158,Secondary School Thanjavur 33,Thanjavur,not_connected,20.94,0.0,20.9,0.0,12.5,15,45,27.5,HIGH,10.502,78.9815,Secondary
IND_00159,Primary School Thanjavur 34,Thanjavur,connected,12.0,0.0,12.0,0.0,7.2,0,45,7.2,LOW,10.787,79.1493,Primary
IND_00160,Primary School Thanjavur 35,Thanjavur,connected,21.98,0.0,22.0,0.0,13.2,0,45,13.2,MEDIUM,10.7996,78.9755,Primary
IND_00161,Primary School Thanjavur 36,Thanjavur,connected,5.71,0.0,5.7,0.0,3.4,0,45,3.4,LOW,10.492,79.0232,Primary
IND_00162,Upper Primary School Thanjavur 37,Thanjavur,not_connected,0.0,0.0,0.0,0.0,0.0,15,45,15.0,MEDIUM,10.5519,79.3643,Upper Primary
IND_00163,Primary School Thanjavur 38,Thanjavur,connected,5.98,0.0,6.0,0.0,3.6,0,45,3.6,LOW,10.9535,79.1291,Primary
IND_00164,Upper Primary School Thanjavur 39,Thanjavur,connected,24.0,0.0,24.0,0.0,14.4,0,45,14.4,MEDIUM,10.8321,79.2773,Upper Primary
IND_00165,Upper Primary School Thanjavur 40,Thanjavur,connected,6.91,0.0,6.9,0.0,4.1,0,45,4.1,LOW,10.6503,79.0478,Upper Primary
IND_00166,Upper Primary School Thanjavur 41,Thanjavur,connected,4.85,0.0,4.8,0.0,2.9,0,45,2.9,LOW,10.6937,79.4219,Upper Primary
IND_00167,Primary School Thanjavur 42,Thanjavur,connected,4.21,0.0,4.2,0.0,2.5,0,45,2.5,LOW,10.5411,78.9217,Primary
IND_00168,Primary School Thanjavur 43,Thanjavur,not_connected,0.03,0.0,0.0,0.0,0.0,15,45,15.0,MEDIUM,10.5919,79.0011,Primary
IND_00169,Upper Primary School Thanjavur 44,Thanjavur,not_connected,0.0,0.0,0.0,0.0,0.0,15,45,15.0,MEDIUM,10.5281,79.1447,Upper Primary
IND_00170,Higher Secondary School Thanjavur 45,Thanjavur,not_connected,1.0,0.0,1.0,0.0,0.6,15,45,15.6,MEDIUM,10.5472,79.0687,Higher Secondary
IND_00171,Primary School Tiruchirappalli 1,Tiruchirappalli,not_connected,0.0,0.0,0.0,0.0,0.0,15,45,15.0,MEDIUM,10.9802,78.5347,Primary
IND_00172,Upper Primary School Tiruchirappalli 2,Tiruchirappalli,connected,0.0,0.0,0.0,0.0,0.0,0,45,0.0,LOW,11.0476,78.7141,Upper Primary
IND_00173,Primary School Tiruchirappalli 3,Tiruchirappalli,connected,0.0,0.0,0.0,0.0,0.0,0,45,0.0,LOW,10.9517,78.4922,Primary
IND_00174,Primary School Tiruchirappalli 4,Tiruchirappalli,not_connected,0.0,0.0,0.0,0.0,0.0,15,45,15.0,MEDIUM,10.7946,78.5254,Primary
IND_00175,Primary School Tiruchirappalli 5,Tiruchirappalli,connected,15.85,0.0,15.8,0.0,9.5,0,45,9.5,LOW,10.6632,78.7287,Primary
IND_00176,Primary School Tiruchirappalli 6,Tiruchirappalli,connected,3.92,0.0,3.9,0.0,2.3,0,45,2.3,LOW,10.8096,78.4111,Primary
IND_00177,Primary School Tiruchirappalli 7,Tiruchirappalli,not_connected,3.24,0.0,3.2,0.0,1.9,15,45,16.9,MEDIUM,10.528,78.974,Primary
IND_00178,Secondary School Tiruchirappalli 8,Tiruchirappalli,connected,15.27,0.0,15.3,0.0,9.2,0,45,9.2,LOW,10.6428,78.7889,Secondary
IND_00179,Primary School Tiruchirappalli 9,Tiruchirappalli,not_connected,1.99,0.0,2.0,0.0,1.2,15,45,16.2,MEDIUM,10.7729,78.6271,Primary
IND_00180,Primary School Tiruchirappalli 10,Tiruchirappalli,not_connected,4.92,0.0,4.9,0.0,2.9,15,45,17.9,MEDIUM,10.9884,78.959,Primary
IND_00181,Primary School Tiruchirappalli 11,Tiruchirappalli,not_connected,0.0,0.0,0.0,0.0,0.0,15,45,15.0,MEDIUM,11.053,78.4887,Primary
IND_00182,Primary School Tiruchirappalli 12,Tiruchirappalli,not_connected,16.7,0.0,16.7,0.0,10.0,15,45,25.0,HIGH,10.8347,78.8851,Primary
IND_00183,Primary School Tiruchirappalli 13,Tiruchirappalli,not_connected,3.0,0.0,3.0,0.0,1.8,15,45,16.8,MEDIUM,10.611,78.4782,Primary
IND_00184,Primary School Tiruchirappalli 14,Tiruchirappalli,not_connected,0.0,0.0,0.0,0.0,0.0,15,45,15.0,MEDIUM,10.8891,78.6938,Primary
IND_00185,Upper Primary School Tiruchirappalli 15,Tiruchirappalli,connected,24.7,0.0,24.7,0.0,14.8,0,45,14.8,MEDIUM,10.7255,78.87,Upper Primary
IND_00186,Secondary School Tiruchirappalli 16,Tiruchirappalli,connected,0.0,0.0,0.0,0.0,0.0,0,45,0.0,LOW,10.7676,78.5608,Secondary
IND_00187,Primary School Tiruchirappalli 17,Tiruchirappalli,connected,8.24,0.0,8.2,0.0,4.9,0,45,4.9,LOW,10.6293,78.9197,Primary
IND_00188,Primary School Tiruchirappalli 18,Tiruchirappalli,not_connected,0.0,0.0,0.0,0.0,0.0,15,45,15.0,MEDIUM,11.0339,78.7545,Primary
IND_00189,Primary School Tiruchirappalli 19,Tiruchirappalli,not_connected,0.0,0.0,0.0,0.0,0.0,15,45,15.0,MEDIUM,10.8666,78.5809,Primary
IND_00190,Secondary School Tiruchirappalli 20,Tiruchirappalli,not_connected,2.74,0.0,2.7,0.0,1.6,15,45,16.6,MEDIUM,10.862,78.7001,Secondary
IND_00191,Primary School Tiruchirappalli 21,Tiruchirappalli,not_connected,0.33,0.0,0.3,0.0,0.2,15,45,15.2,MEDIUM,10.581,78.567,Primary
IND_00192,Secondary School Tiruchirappalli 22,Tiruchirappalli,not_connected,15.48,0.0,15.5,0.0,9.3,15,45,24.3,MEDIUM,10.5101,78.7219,Secondary
IND_00193,Primary School Tiruchirappalli 23,Tiruchirappalli,not_connected,20.22,0.0,20.2,0.0,12.1,15,45,27.1,HIGH,10.6952,78.8728,Primary
IND_00194,Secondary School Tiruchirappalli 24,Tiruchirappalli,connected,7.12,0.0,7.1,0.0,4.3,0,45,4.3,LOW,10.5665,78.6184,Secondary
IND_00195,Secondary School Tiruchirappalli 25,Tiruchirappalli,not_connected,0.62,0.0,0.6,0.0,0.4,15,45,15.4,MEDIUM,10.6276,78.8134,Secondary
IND_00196,Primary School Tiruchirappalli 26,Tiruchirappalli,connected,0.0,0.0,0.0,0.0,0.0,0,45,0.0,LOW,10.9064,78.7056,Primary
IND_00197,Upper Primary School Tiruchirappalli 27,Tiruchirappalli,connected,7.31,0.0,7.3,0.0,4.4,0,45,4.4,LOW,10.599,78.9251,Upper Primary
IND_00198,Primary School Tiruchirappalli 28,Tiruchirappalli,connected,4.26,0.04,4.3,0.3,2.7,0,45,2.7,LOW,10.7672,78.9484,Primary
IND_00199,Primary School Tiruchirappalli 29,Tiruchirappalli,not_connected,0.0,0.0,0.0,0.0,0.0,15,45,15.0,MEDIUM,10.7935,78.7469,Primary
IND_00200,Upper Primary School Tiruchirappalli 30,Tiruchirappalli,not_connected,0.0,0.0,0.0,0.0,0.0,15,45,15.0,MEDIUM,11.0493,78.7191,Upper Primary
IND_00201,Upper Primary School Tiruchirappalli 31,Tiruchirappalli,not_connected,31.71,0.75,31.7,6.2,21.5,15,45,36.5,HIGH,10.9143,78.4715,Upper Primary
IND_00202,Higher Secondary School Tiruchirappalli 32,Tiruchirappalli,not_connected,10.59,0.0,10.6,0.0,6.4,15,45,21.4,MEDIUM,10.7445,78.8219,Higher Secondary
IND_00203,Higher Secondary School Tiruchirappalli 33,Tiruchirappalli,not_connected,0.0,0.0,0.0,0.0,0.0,15,45,15.0,MEDIUM,10.7605,78.4479,Higher Secondary
IND_00204,Secondary School Tiruchirappalli 34,Tiruchirappalli,connected,0.0,0.0,0.0,0.0,0.0,0,45,0.0,LOW,10.5648,78.9325,Secondary
IND_00205,Primary School Tiruchirappalli 35,Tiruchirappalli,connected,0.0,0.0,0.0,0.0,0.0,0,45,0.0,LOW,10.8448,78.6194,Primary
IND_00206,Primary School Tiruchirappalli 36,Tiruchirappalli,connected,10.82,0.43,10.8,3.6,7.9,0,45,7.9,LOW,10.9717,78.3828,Primary
IND_00207,Primary School Tiruchirappalli 37,Tiruchirappalli,connected,16.72,0.0,16.7,0.0,10.0,0,45,10.0,MEDIUM,10.8124,78.9319,Primary
IND_00208,Primary School Tiruchirappalli 38,Tiruchirappalli,connected,0.0,0.0,0.0,0.0,0.0,0,45,0.0,LOW,10.9325,78.6513,Primary
IND_00209,Upper Primary School Tiruchirappalli 39,Tiruchirappalli,connected,0.0,0.0,0.0,0.0,0.0,0,45,0.0,LOW,10.5745,78.4858,Upper Primary
IND_00210,Upper Primary School Tiruchirappalli 40,Tiruchirappalli,not_connected,0.0,0.0,0.0,0.0,0.0,15,45,15.0,MEDIUM,11.0389,78.5974,Upper Primary
IND_00211,Primary School Tiruchirappalli 41,Tiruchirappalli,not_connected,16.13,0.0,16.1,0.0,9.7,15,45,24.7,MEDIUM,10.4979,78.7781,Primary
IND_00212,Primary School Tiruchirappalli 42,Tiruchirappalli,not_connected,6.0,0.0,6.0,0.0,3.6,15,45,18.6,MEDIUM,10.5792,78.6288,Primary
IND_00213,Primary School Tiruchirappalli 43,Tiruchirappalli,not_connected,7.28,0.0,7.3,0.0,4.4,15,45,19.4,MEDIUM,10.7913,78.7372,Primary
IND_00214,Primary School Tiruchirappalli 44,Tiruchirappalli,connected,8.11,0.0,8.1,0.0,4.9,0,45,4.9,LOW,10.6159,78.9188,Primary
IND_00215,Upper Primary School Tiruchirappalli 45,Tiruchirappalli,connected,18.51,0.0,18.5,0.0,11.1,0,45,11.1,MEDIUM,10.5119,78.6632,Upper Primary
IND_00216,Upper Primary School Madurai 1,Madurai,connected,0.0,0.0,0.0,0.0,0.0,0,45,0.0,LOW,10.0953,78.092,Upper Primary
IND_00217,Primary School Madurai 2,Madurai,connected,0.0,0.0,0.0,0.0,0.0,0,45,0.0,LOW,9.8705,78.1558,Primary
IND_00218,Primary School Madurai 3,Madurai,connected,7.99,0.0,8.0,0.0,4.8,0,45,4.8,LOW,10.1471,78.3877,Primary
IND_00219,Primary School Madurai 4,Madurai,connected,0.0,0.0,0.0,0.0,0.0,0,45,0.0,LOW,10.0164,78.0652,Primary
IND_00220,Primary School Madurai 5,Madurai,connected,0.0,0.0,0.0,0.0,0.0,0,45,0.0,LOW,10.0596,78.2154,Primary
IND_00221,Primary School Madurai 6,Madurai,connected,2.0,0.0,2.0,0.0,1.2,0,45,1.2,LOW,9.7686,78.2231,Primary
IND_00222,Upper Primary School Madurai 7,Madurai,connected,0.0,0.0,0.0,0.0,0.0,0,45,0.0,LOW,10.1099,77.9271,Upper Primary
IND_00223,Secondary School Madurai 8,Madurai,not_connected,0.0,0.0,0.0,0.0,0.0,15,45,15.0,MEDIUM,9.6897,77.9659,Secondary
IND_00224,Upper Primary School Madurai 9,Madurai,connected,1.0,0.0,1.0,0.0,0.6,0,45,0.6,LOW,10.1281,78.0583,Upper Primary
IND_00225,Primary School Madurai 10,Madurai,connected,2.72,0.0,2.7,0.0,1.6,0,45,1.6,LOW,9.8059,78.3578,Primary
IND_00226,Primary School Madurai 11,Madurai,connected,5.58,0.0,5.6,0.0,3.4,0,45,3.4,LOW,9.7547,77.8359,Primary
IND_00227,Secondary School Madurai 12,Madurai,connected,0.0,0.0,0.0,0.0,0.0,0,45,0.0,LOW,9.8829,78.3556,Secondary
IND_00228,Upper Primary School Madurai 13,Madurai,connected,5.81,0.0,5.8,0.0,3.5,0,45,3.5,LOW,9.7857,78.0478,Upper Primary
IND_00229,Upper Primary School Madurai 14,Madurai,connected,0.0,0.0,0.0,0.0,0.0,0,45,0.0,LOW,10.0045,78.0656,Upper Primary
IND_00230,Secondary School Madurai 15,Madurai,connected,10.8,0.0,10.8,0.0,6.5,0,45,6.5,LOW,9.8067,78.3891,Secondary
IND_00231,Secondary School Madurai 16,Madurai,not_connected,0.0,0.0,0.0,0.0,0.0,15,45,15.0,MEDIUM,10.1511,78.1125,Secondary
IND_00232,Primary School Madurai 17,Madurai,connected,4.86,0.0,4.9,0.0,2.9,0,45,2.9,LOW,9.8851,77.8335,Primary
IND_00233,Primary School Madurai 18,Madurai,not_connected,2.16,0.0,2.2,0.0,1.3,15,45,16.3,MEDIUM,10.0101,77.9747,Primary
IND_00234,Primary School Madurai 19,Madurai,connected,0.0,0.0,0.0,0.0,0.0,0,45,0.0,LOW,10.2206,78.1354,Primary
IND_00235,Primary School Madurai 20,Madurai,connected,0.95,0.0,1.0,0.0,0.6,0,45,0.6,LOW,9.641,78.3686,Primary
IND_00236,Upper Primary School Madurai 21,Madurai,not_connected,4.85,0.0,4.8,0.0,2.9,15,45,17.9,MEDIUM,9.7944,78.1525,Upper Primary
IND_00237,Primary School Madurai 22,Madurai,not_connected,7.57,0.0,7.6,0.0,4.6,15,45,19.6,MEDIUM,9.7539,77.8266,Primary
IND_00238,Upper Primary School Madurai 23,Madurai,not_connected,0.0,0.0,0.0,0.0,0.0,15,45,15.0,MEDIUM,10.1543,78.1784,Upper Primary
IND_00239,Upper Primary School Madurai 24,Madurai,connected,1.95,0.0,2.0,0.0,1.2,0,45,1.2,LOW,9.7352,78.3686,Upper Primary
IND_00240,Primary School Madurai 25,Madurai,not_connected,6.0,0.0,6.0,0.0,3.6,15,45,18.6,MEDIUM,9.9414,77.8482,Primary
IND_00241,Primary School Madurai 26,Madurai,connected,5.87,0.0,5.9,0.0,3.5,0,45,3.5,LOW,9.6797,78.1819,Primary
IND_00242,Secondary School Madurai 27,Madurai,connected,0.0,0.0,0.0,0.0,0.0,0,45,0.0,LOW,9.8032,78.0334,Secondary
IND_00243,Upper Primary School Madurai 28,Madurai,not_connected,17.57,0.08,17.6,0.7,10.8,15,45,25.8,HIGH,9.9698,78.1056,Upper Primary
IND_00244,Primary School Madurai 29,Madurai,connected,0.0,0.0,0.0,0.0,0.0,0,45,0.0,LOW,10.0695,77.949,Primary
IND_00245,Upper Primary School Madurai 30,Madurai,connected,0.0,0.0,0.0,0.0,0.0,0,45,0.0,LOW,9.987,77.8509,Upper Primary
IND_00246,Primary School Madurai 31,Madurai,connected,4.0,0.0,4.0,0.0,2.4,0,45,2.4,LOW,9.8305,78.2825,Primary
IND_00247,Upper Primary School Madurai 32,Madurai,connected,0.0,0.0,0.0,0.0,0.0,0,45,0.0,LOW,10.0669,78.1173,Upper Primary
IND_00248,Secondary School Madurai 33,Madurai,not_connected,0.0,0.0,0.0,0.0,0.0,15,45,15.0,MEDIUM,9.7778,78.3115,Secondary
IND_00249,Primary School Madurai 34,Madurai,connected,3.32,0.0,3.3,0.0,2.0,0,45,2.0,LOW,9.7933,78.1741,Primary
IND_00250,Higher Secondary School Madurai 35,Madurai,connected,0.0,0.0,0.0,0.0,0.0,0,45,0.0,LOW,10.1804,77.9021,Higher Secondary
IND_00251,Secondary School Madurai 36,Madurai,not_connected,4.06,0.0,4.1,0.0,2.5,15,45,17.5,MEDIUM,9.7411,78.1451,Secondary
IND_00252,Upper Primary School Madurai 37,Madurai,not_connected,0.0,0.0,0.0,0.0,0.0,15,45,15.0,MEDIUM,10.1139,78.2153,Upper Primary
IND_00253,Primary School Madurai 38,Madurai,not_connected,0.0,0.0,0.0,0.0,0.0,15,45,15.0,MEDIUM,9.7798,78.1137,Primary
IND_00254,Secondary School Madurai 39,Madurai,not_connected,0.0,0.0,0.0,0.0,0.0,15,45,15.0,MEDIUM,10.1964,77.8437,Secondary
IND_00255,Higher Secondary School Madurai 40,Madurai,connected,16.06,0.0,16.1,0.0,9.7,0,45,9.7,LOW,9.7383,78.1608,Higher Secondary
IND_00256,Higher Secondary School Madurai 41,Madurai,not_connected,0.0,0.0,0.0,0.0,0.0,15,45,15.0,MEDIUM,10.0485,77.9984,Higher Secondary
IND_00257,Secondary School Madurai 42,Madurai,not_connected,0.0,0.0,0.0,0.0,0.0,15,45,15.0,MEDIUM,10.1966,78.1045,Secondary
IND_00258,Primary School Madurai 43,Madurai,connected,0.0,0.0,0.0,0.0,0.0,0,45,0.0,LOW,9.8215,78.3173,Primary
IND_00259,Primary School Madurai 44,Madurai,not_connected,0.0,0.0,0.0,0.0,0.0,15,45,15.0,MEDIUM,9.768,77.8923,Primary
IND_00260,Primary School Madurai 45,Madurai,connected,4.59,0.0,4.6,0.0,2.8,0,45,2.8,LOW,9.8339,78.2549,Primary
IND_00261,Primary School Madurai 46,Madurai,not_connected,19.63,0.0,19.6,0.0,11.8,15,45,26.8,HIGH,9.9537,78.2944,Primary
IND_00262,Primary School Madurai 47,Madurai,connected,0.0,0.0,0.0,0.0,0.0,0,45,0.0,LOW,10.1616,78.1895,Primary
IND_00263,Secondary School Madurai 48,Madurai,connected,0.0,0.0,0.0,0.0,0.0,0,45,0.0,LOW,10.1521,77.8328,Secondary
IND_00264,Higher Secondary School Madurai 49,Madurai,connected,0.0,0.0,0.0,0.0,0.0,0,45,0.0,LOW,10.1934,78.2993,Higher Secondary
IND_00265,Upper Primary School Madurai 50,Madurai,not_connected,0.0,0.0,0.0,0.0,0.0,15,45,15.0,MEDIUM,10.0903,78.0612,Upper Primary
IND_00266,Secondary School Tirunelveli 1,Tirunelveli,connected,0.0,0.0,0.0,0.0,0.0,0,45,0.0,LOW,8.9342,77.9805,Secondary
IND_00267,Primary School Tirunelveli 2,Tirunelveli,connected,0.0,0.0,0.0,0.0,0.0,0,45,0.0,LOW,8.6628,77.8325,Primary
IND_00268,Primary School Tirunelveli 3,Tirunelveli,connected,6.0,0.0,6.0,0.0,3.6,0,45,3.6,LOW,8.6228,77.5623,Primary
IND_00269,Higher Secondary School Tirunelveli 4,Tirunelveli,connected,0.0,0.0,0.0,0.0,0.0,0,45,0.0,LOW,8.4353,77.4007,Higher Secondary
IND_00270,Primary School Tirunelveli 5,Tirunelveli,not_connected,0.0,0.0,0.0,0.0,0.0,15,45,15.0,MEDIUM,8.6406,77.7978,Primary
IND_00271,Upper Primary School Tirunelveli 6,Tirunelveli,not_connected,0.0,0.0,0.0,0.0,0.0,15,45,15.0,MEDIUM,8.8818,77.4436,Upper Primary
IND_00272,Upper Primary School Tirunelveli 7,Tirunelveli,connected,7.35,0.0,7.4,0.0,4.4,0,45,4.4,LOW,8.9768,77.6704,Upper Primary
IND_00273,Higher Secondary School Tirunelveli 8,Tirunelveli,not_connected,12.86,0.0,12.9,0.0,7.7,15,45,22.7,MEDIUM,9.0047,77.529,Higher Secondary
IND_00274,Primary School Tirunelveli 9,Tirunelveli,connected,0.0,0.0,0.0,0.0,0.0,0,45,0.0,LOW,8.7746,77.6976,Primary
IND_00275,Secondary School Tirunelveli 10,Tirunelveli,connected,0.0,0.0,0.0,0.0,0.0,0,45,0.0,LOW,8.5423,77.5019,Secondary
IND_00276,Secondary School Tirunelveli 11,Tirunelveli,not_connected,0.0,0.0,0.0,0.0,0.0,15,45,15.0,MEDIUM,8.4447,77.9715,Secondary
IND_00277,Primary School Tirunelveli 12,Tirunelveli,not_connected,6.54,0.0,6.5,0.0,3.9,15,45,18.9,MEDIUM,9.0069,77.4943,Primary
IND_00278,Secondary School Tirunelveli 13,Tirunelveli,connected,15.79,0.0,15.8,0.0,9.5,0,45,9.5,LOW,8.8276,77.4823,Secondary
IND_00279,Upper Primary School Tirunelveli 14,Tirunelveli,connected,12.41,0.0,12.4,0.0,7.4,0,45,7.4,LOW,8.5443,77.7122,Upper Primary
IND_00280,Primary School Tirunelveli 15,Tirunelveli,connected,11.62,0.0,11.6,0.0,7.0,0,45,7.0,LOW,8.4649,77.9165,Primary
IND_00281,Secondary School Tirunelveli 16,Tirunelveli,not_connected,0.0,0.0,0.0,0.0,0.0,15,45,15.0,MEDIUM,8.9432,77.9634,Secondary
IND_00282,Primary School Tirunelveli 17,Tirunelveli,connected,29.16,0.0,29.2,0.0,17.5,0,45,17.5,MEDIUM,8.8031,77.7205,Primary
IND_00283,Secondary School Tirunelveli 18,Tirunelveli,connected,5.0,0.0,5.0,0.0,3.0,0,45,3.0,LOW,8.6336,77.5459,Secondary
IND_00284,Upper Primary School Tirunelveli 19,Tirunelveli,connected,0.0,0.0,0.0,0.0,0.0,0,45,0.0,LOW,8.4586,77.5221,Upper Primary
IND_00285,Upper Primary School Tirunelveli 20,Tirunelveli,connected,0.0,0.0,0.0,0.0,0.0,0,45,0.0,LOW,8.9207,77.6871,Upper Primary
IND_00286,Upper Primary School Tirunelveli 21,Tirunelveli,connected,0.0,0.0,0.0,0.0,0.0,0,45,0.0,LOW,8.9048,77.5987,Upper Primary
IND_00287,Secondary School Tirunelveli 22,Tirunelveli,not_connected,11.99,0.01,12.0,0.1,7.2,15,45,22.2,MEDIUM,8.5702,77.9172,Secondary
IND_00288,Secondary School Tirunelveli 23,Tirunelveli,not_connected,12.62,0.0,12.6,0.0,7.6,15,45,22.6,MEDIUM,8.9203,77.9104,Secondary
IND_00289,Upper Primary School Tirunelveli 24,Tirunelveli,not_connected,3.91,0.0,3.9,0.0,2.3,15,45,17.3,MEDIUM,8.8285,77.7981,Upper Primary
IND_00290,Secondary School Tirunelveli 25,Tirunelveli,connected,0.0,0.0,0.0,0.0,0.0,0,45,0.0,LOW,8.5052,77.9185,Secondary
IND_00291,Primary School Tirunelveli 26,Tirunelveli,not_connected,9.69,0.01,9.7,0.1,5.9,15,45,20.9,MEDIUM,8.9055,77.4673,Primary
IND_00292,Secondary School Tirunelveli 27,Tirunelveli,connected,6.77,0.0,6.8,0.0,4.1,0,45,4.1,LOW,8.5065,77.8808,Secondary
IND_00293,Upper Primary School Tirunelveli 28,Tirunelveli,not_connected,14.57,0.0,14.6,0.0,8.8,15,45,23.8,MEDIUM,8.4138,77.5622,Upper Primary
IND_00294,Upper Primary School Tirunelveli 29,Tirunelveli,connected,6.57,0.0,6.6,0.0,4.0,0,45,4.0,LOW,8.7891,77.5459,Upper Primary
IND_00295,Secondary School Tirunelveli 30,Tirunelveli,connected,0.0,0.0,0.0,0.0,0.0,0,45,0.0,LOW,8.8779,77.4542,Secondary
IND_00296,Upper Primary School Tirunelveli 31,Tirunelveli,not_connected,0.0,0.0,0.0,0.0,0.0,15,45,15.0,MEDIUM,8.9878,77.5951,Upper Primary
IND_00297,Upper Primary School Tirunelveli 32,Tirunelveli,connected,10.16,0.0,10.2,0.0,6.1,0,45,6.1,LOW,8.4715,77.9523,Upper Primary
IND_00298,Primary School Tirunelveli 33,Tirunelveli,connected,1.2,0.0,1.2,0.0,0.7,0,45,0.7,LOW,8.5906,77.8149,Primary
IND_00299,Primary School Tirunelveli 34,Tirunelveli,not_connected,0.0,0.0,0.0,0.0,0.0,15,45,15.0,MEDIUM,8.6175,77.7625,Primary
IND_00300,Secondary School Tirunelveli 35,Tirunelveli,connected,0.0,0.0,0.0,0.0,0.0,0,45,0.0,LOW,8.9941,77.9713,Secondary
IND_00301,Primary School Tirunelveli 36,Tirunelveli,connected,0.0,0.0,0.0,0.0,0.0,0,45,0.0,LOW,8.865,77.4048,Primary
IND_00302,Upper Primary School Tirunelveli 37,Tirunelveli,connected,5.44,0.0,5.4,0.0,3.2,0,45,3.2,LOW,8.7032,77.8522,Upper Primary
IND_00303,Upper Primary School Tirunelveli 38,Tirunelveli,connected,30.69,0.29,30.7,2.4,19.4,0,45,19.4,MEDIUM,8.5742,77.9883,Upper Primary
IND_00304,Upper Primary School Tirunelveli 39,Tirunelveli,connected,0.0,0.0,0.0,0.0,0.0,0,45,0.0,LOW,8.5082,77.8669,Upper Primary
IND_00305,Upper Primary School Tirunelveli 40,Tirunelveli,connected,22.1,0.3,22.1,2.5,14.3,0,45,14.3,MEDIUM,8.4594,77.7983,Upper Primary
IND_00306,Upper Primary School Coimbatore 1,Coimbatore,not_connected,0.0,0.0,0.0,0.0,0.0,15,45,15.0,MEDIUM,11.2805,76.7506,Upper Primary
IND_00307,Primary School Coimbatore 2,Coimbatore,connected,0.0,0.0,0.0,0.0,0.0,0,45,0.0,LOW,10.9618,77.0431,Primary
IND_00308,Secondary School Coimbatore 3,Coimbatore,connected,0.0,0.0,0.0,0.0,0.0,0,45,0.0,LOW,11.3004,76.9056,Secondary
IND_00309,Upper Primary School Coimbatore 4,Coimbatore,connected,81.76,3.94,81.8,32.7,62.2,0,45,62.2,CRITICAL,10.8379,76.6787,Upper Primary
IND_00310,Higher Secondary School Coimbatore 5,Coimbatore,connected,4.0,0.0,4.0,0.0,2.4,0,45,2.4,LOW,11.2286,76.9439,Higher Secondary
IND_00311,Secondary School Coimbatore 6,Coimbatore,not_connected,0.0,0.0,0.0,0.0,0.0,15,45,15.0,MEDIUM,11.2312,77.126,Secondary
IND_00312,Primary School Coimbatore 7,Coimbatore,connected,0.0,0.0,0.0,0.0,0.0,0,45,0.0,LOW,11.1666,77.0357,Primary
IND_00313,Secondary School Coimbatore 8,Coimbatore,connected,0.0,0.0,0.0,0.0,0.0,0,45,0.0,LOW,11.2625,77.03,Secondary
IND_00314,Upper Primary School Coimbatore 9,Coimbatore,connected,0.0,0.0,0.0,0.0,0.0,0,45,0.0,LOW,10.7804,76.7351,Upper Primary
IND_00315,Primary School Coimbatore 10,Coimbatore,connected,0.0,0.0,0.0,0.0,0.0,0,45,0.0,LOW,10.8303,76.955,Primary
IND_00316,Primary School Coimbatore 11,Coimbatore,connected,0.0,0.0,0.0,0.0,0.0,0,45,0.0,LOW,10.8714,77.1385,Primary
IND_00317,Primary School Coimbatore 12,Coimbatore,connected,0.0,0.0,0.0,0.0,0.0,0,45,0.0,LOW,10.717,76.7035,Primary
IND_00318,Upper Primary School Coimbatore 13,Coimbatore,not_connected,0.0,0.0,0.0,0.0,0.0,15,45,15.0,MEDIUM,11.07,76.835,Upper Primary
IND_00319,Upper Primary School Coimbatore 14,Coimbatore,connected,0.0,0.0,0.0,0.0,0.0,0,45,0.0,LOW,11.1779,76.6838,Upper Primary
IND_00320,Primary School Coimbatore 15,Coimbatore,connected,0.0,0.0,0.0,0.0,0.0,0,45,0.0,LOW,10.8552,77.252,Primary
IND_00321,Upper Primary School Coimbatore 16,Coimbatore,connected,0.0,0.0,0.0,0.0,0.0,0,45,0.0,LOW,11.0809,77.0815,Upper Primary
IND_00322,Primary School Coimbatore 17,Coimbatore,connected,0.0,0.0,0.0,0.0,0.0,0,45,0.0,LOW,10.9059,76.9706,Primary
IND_00323,Primary School Coimbatore 18,Coimbatore,connected,0.0,0.0,0.0,0.0,0.0,0,45,0.0,LOW,10.7299,76.7071,Primary
IND_00324,Secondary School Coimbatore 19,Coimbatore,connected,0.0,0.0,0.0,0.0,0.0,0,45,0.0,LOW,11.0505,77.0737,Secondary
IND_00325,Upper Primary School Coimbatore 20,Coimbatore,not_connected,0.0,0.0,0.0,0.0,0.0,15,45,15.0,MEDIUM,10.8105,76.7227,Upper Primary
IND_00326,Primary School Coimbatore 21,Coimbatore,connected,0.0,0.0,0.0,0.0,0.0,0,45,0.0,LOW,10.729,77.2217,Primary
IND_00327,Secondary School Coimbatore 22,Coimbatore,not_connected,0.0,0.0,0.0,0.0,0.0,15,45,15.0,MEDIUM,11.1354,77.1826,Secondary
IND_00328,Primary School Coimbatore 23,Coimbatore,not_connected,0.0,0.0,0.0,0.0,0.0,15,45,15.0,MEDIUM,10.9137,77.1489,Primary
IND_00329,Upper Primary School Coimbatore 24,Coimbatore,not_connected,0.0,0.0,0.0,0.0,0.0,15,45,15.0,MEDIUM,11.0386,77.1504,Upper Primary
IND_00330,Primary School Coimbatore 25,Coimbatore,connected,0.0,0.0,0.0,0.0,0.0,0,45,0.0,LOW,11.0258,77.099,Primary
IND_00331,Secondary School Coimbatore 26,Coimbatore,connected,0.0,0.0,0.0,0.0,0.0,0,45,0.0,LOW,10.8583,76.7557,Secondary
IND_00332,Primary School Coimbatore 27,Coimbatore,not_connected,0.0,0.0,0.0,0.0,0.0,15,45,15.0,MEDIUM,11.2955,76.8621,Primary
IND_00333,Upper Primary School Coimbatore 28,Coimbatore,not_connected,0.0,0.0,0.0,0.0,0.0,15,45,15.0,MEDIUM,11.1052,76.9589,Upper Primary
IND_00334,Higher Secondary School Coimbatore 29,Coimbatore,not_connected,0.0,0.0,0.0,0.0,0.0,15,45,15.0,MEDIUM,10.8471,77.2578,Higher Secondary
IND_00335,Primary School Coimbatore 30,Coimbatore,connected,0.0,0.0,0.0,0.0,0.0,0,45,0.0,LOW,10.8297,77.0681,Primary
IND_00336,Secondary School Coimbatore 31,Coimbatore,not_connected,2.0,0.0,2.0,0.0,1.2,15,45,16.2,MEDIUM,10.8646,76.9376,Secondary
IND_00337,Primary School Coimbatore 32,Coimbatore,connected,0.0,0.0,0.0,0.0,0.0,0,45,0.0,LOW,11.1556,76.9153,Primary
IND_00338,Secondary School Coimbatore 33,Coimbatore,connected,0.0,0.0,0.0,0.0,0.0,0,45,0.0,LOW,11.3026,76.6841,Secondary
IND_00339,Upper Primary School Coimbatore 34,Coimbatore,not_connected,0.0,0.0,0.0,0.0,0.0,15,45,15.0,MEDIUM,10.9732,77.0952,Upper Primary
IND_00340,Primary School Coimbatore 35,Coimbatore,connected,0.0,0.0,0.0,0.0,0.0,0,45,0.0,LOW,11.2504,76.913,Primary
IND_00341,Upper Primary School Coimbatore 36,Coimbatore,not_connected,0.0,0.0,0.0,0.0,0.0,15,45,15.0,MEDIUM,11.2574,76.7864,Upper Primary
IND_00342,Secondary School Coimbatore 37,Coimbatore,not_connected,0.0,0.0,0.0,0.0,0.0,15,45,15.0,MEDIUM,11.1499,76.7389,Secondary
IND_00343,Higher Secondary School Coimbatore 38,Coimbatore,connected,12.44,0.0,12.4,0.0,7.4,0,45,7.4,LOW,10.8178,76.8025,Higher Secondary
IND_00344,Primary School Coimbatore 39,Coimbatore,not_connected,0.0,0.0,0.0,0.0,0.0,15,45,15.0,MEDIUM,11.2226,76.9554,Primary
IND_00345,Primary School Coimbatore 40,Coimbatore,connected,0.0,0.0,0.0,0.0,0.0,0,45,0.0,LOW,10.9772,76.9689,Primary
IND_00346,Higher Secondary School Coimbatore 41,Coimbatore,connected,0.0,0.0,0.0,0.0,0.0,0,45,0.0,LOW,10.8081,76.8946,Higher Secondary
IND_00347,Secondary School Coimbatore 42,Coimbatore,connected,0.0,0.0,0.0,0.0,0.0,0,45,0.0,LOW,11.104,76.8551,Secondary
IND_00348,Primary School Coimbatore 43,Coimbatore,connected,0.0,0.0,0.0,0.0,0.0,0,45,0.0,LOW,11.2919,76.9323,Primary
IND_00349,Primary School Coimbatore 44,Coimbatore,not_connected,0.0,0.0,0.0,0.0,0.0,15,45,15.0,MEDIUM,10.8119,76.9719,Primary
IND_00350,Upper Primary School Coimbatore 45,Coimbatore,not_connected,0.0,0.0,0.0,0.0,0.0,15,45,15.0,MEDIUM,10.9685,76.8092,Upper Primary
IND_00351,Primary School Coimbatore 46,Coimbatore,not_connected,1.29,0.0,1.3,0.0,0.8,15,45,15.8,MEDIUM,10.8102,76.7606,Primary
IND_00352,Secondary School Coimbatore 47,Coimbatore,not_connected,0.0,0.0,0.0,0.0,0.0,15,45,15.0,MEDIUM,11.1083,76.9448,Secondary
IND_00353,Primary School Coimbatore 48,Coimbatore,connected,0.0,0.0,0.0,0.0,0.0,0,45,0.0,LOW,11.0612,77.181,Primary
IND_00354,Upper Primary School Coimbatore 49,Coimbatore,not_connected,0.0,0.0,0.0,0.0,0.0,15,45,15.0,MEDIUM,10.8718,76.6943,Upper Primary
IND_00355,Upper Primary School Coimbatore 50,Coimbatore,not_connected,0.0,0.0,0.0,0.0,0.0,15,45,15.0,MEDIUM,10.7336,76.7333,Upper Primary
IND_00356,Primary School Salem 1,Salem,connected,0.0,0.0,0.0,0.0,0.0,0,45,0.0,LOW,11.5397,78.1643,Primary
IND_00357,Primary School Salem 2,Salem,not_connected,0.0,0.0,0.0,0.0,0.0,15,45,15.0,MEDIUM,11.942,78.4391,Primary
IND_00358,Upper Primary School Salem 3,Salem,connected,0.0,0.0,0.0,0.0,0.0,0,45,0.0,LOW,11.7335,78.3808,Upper Primary
IND_00359,Primary School Salem 4,Salem,connected,0.0,0.0,0.0,0.0,0.0,0,45,0.0,LOW,11.6433,78.2601,Primary
IND_00360,Primary School Salem 5,Salem,not_connected,0.0,0.0,0.0,0.0,0.0,15,45,15.0,MEDIUM,11.5348,78.2828,Primary
IND_00361,Upper Primary School Salem 6,Salem,connected,0.0,0.0,0.0,0.0,0.0,0,45,0.0,LOW,11.9319,77.9163,Upper Primary
IND_00362,Upper Primary School Salem 7,Salem,not_connected,0.0,0.0,0.0,0.0,0.0,15,45,15.0,MEDIUM,11.8709,77.9663,Upper Primary
IND_00363,Upper Primary School Salem 8,Salem,not_connected,0.0,0.0,0.0,0.0,0.0,15,45,15.0,MEDIUM,11.9168,78.2699,Upper Primary
IND_00364,Primary School Salem 9,Salem,not_connected,0.0,0.0,0.0,0.0,0.0,15,45,15.0,MEDIUM,11.8713,78.2024,Primary
IND_00365,Primary School Salem 10,Salem,not_connected,0.0,0.0,0.0,0.0,0.0,15,45,15.0,MEDIUM,11.7637,78.2659,Primary
IND_00366,Primary School Salem 11,Salem,not_connected,0.0,0.0,0.0,0.0,0.0,15,45,15.0,MEDIUM,11.5863,78.2507,Primary
IND_00367,Higher Secondary School Salem 12,Salem,connected,0.0,0.0,0.0,0.0,0.0,0,45,0.0,LOW,11.9496,77.8889,Higher Secondary
IND_00368,Upper Primary School Salem 13,Salem,not_connected,0.0,0.0,0.0,0.0,0.0,15,45,15.0,MEDIUM,11.8725,78.3294,Upper Primary
IND_00369,Primary School Salem 14,Salem,not_connected,0.0,0.0,0.0,0.0,0.0,15,45,15.0,MEDIUM,11.8771,78.1025,Primary
IND_00370,Secondary School Salem 15,Salem,connected,0.0,0.0,0.0,0.0,0.0,0,45,0.0,LOW,11.8347,78.3174,Secondary
IND_00371,Upper Primary School Salem 16,Salem,connected,0.0,0.0,0.0,0.0,0.0,0,45,0.0,LOW,11.8407,77.9321,Upper Primary
IND_00372,Primary School Salem 17,Salem,not_connected,0.0,0.0,0.0,0.0,0.0,15,45,15.0,MEDIUM,11.5448,78.0799,Primary
IND_00373,Primary School Salem 18,Salem,connected,0.0,0.0,0.0,0.0,0.0,0,45,0.0,LOW,11.5831,78.1292,Primary
IND_00374,Upper Primary School Salem 19,Salem,not_connected,0.0,0.0,0.0,0.0,0.0,15,45,15.0,MEDIUM,11.4864,77.9039,Upper Primary
IND_00375,Primary School Salem 20,Salem,not_connected,3.0,0.0,3.0,0.0,1.8,15,45,16.8,MEDIUM,11.7217,78.1381,Primary
IND_00376,Primary School Salem 21,Salem,connected,0.0,0.0,0.0,0.0,0.0,0,45,0.0,LOW,11.6614,78.1475,Primary
IND_00377,Upper Primary School Salem 22,Salem,connected,0.0,0.0,0.0,0.0,0.0,0,45,0.0,LOW,11.5781,78.0993,Upper Primary
IND_00378,Secondary School Salem 23,Salem,not_connected,0.0,0.0,0.0,0.0,0.0,15,45,15.0,MEDIUM,11.7147,78.3189,Secondary
IND_00379,Primary School Salem 24,Salem,connected,46.65,0.6,46.6,5.0,30.0,0,45,30.0,HIGH,11.9233,77.8709,Primary
IND_00380,Primary School Salem 25,Salem,not_connected,0.0,0.0,0.0,0.0,0.0,15,45,15.0,MEDIUM,11.7385,78.3988,Primary
IND_00381,Primary School Salem 26,Salem,connected,0.0,0.0,0.0,0.0,0.0,0,45,0.0,LOW,11.3862,78.4207,Primary
IND_00382,Primary School Salem 27,Salem,connected,0.0,0.0,0.0,0.0,0.0,0,45,0.0,LOW,11.6415,78.0141,Primary
IND_00383,Primary School Salem 28,Salem,not_connected,0.0,0.0,0.0,0.0,0.0,15,45,15.0,MEDIUM,11.8318,78.1835,Primary
IND_00384,Upper Primary School Salem 29,Salem,connected,0.0,0.0,0.0,0.0,0.0,0,45,0.0,LOW,11.7797,78.0236,Upper Primary
IND_00385,Primary School Salem 30,Salem,connected,0.0,0.0,0.0,0.0,0.0,0,45,0.0,LOW,11.4587,78.2687,Primary
IND_00386,Upper Primary School Salem 31,Salem,connected,0.0,0.0,0.0,0.0,0.0,0,45,0.0,LOW,11.7754,77.9241,Upper Primary
IND_00387,Secondary School Salem 32,Salem,connected,0.0,0.0,0.0,0.0,0.0,0,45,0.0,LOW,11.9278,78.1501,Secondary
IND_00388,Higher Secondary School Salem 33,Salem,not_connected,0.0,0.0,0.0,0.0,0.0,15,45,15.0,MEDIUM,11.376,78.2399,Higher Secondary
IND_00389,Primary School Salem 34,Salem,connected,0.0,0.0,0.0,0.0,0.0,0,45,0.0,LOW,11.8415,78.3905,Primary
IND_00390,Secondary School Salem 35,Salem,not_connected,2.0,0.0,2.0,0.0,1.2,15,45,16.2,MEDIUM,11.7166,78.1066,Secondary
IND_00391,Secondary School Salem 36,Salem,connected,3.7,0.0,3.7,0.0,2.2,0,45,2.2,LOW,11.5621,78.0021,Secondary
IND_00392,Upper Primary School Salem 37,Salem,connected,0.0,0.0,0.0,0.0,0.0,0,45,0.0,LOW,11.8436,78.1142,Upper Primary
IND_00393,Upper Primary School Salem 38,Salem,connected,0.0,0.0,0.0,0.0,0.0,0,45,0.0,LOW,11.7243,78.1311,Upper Primary
IND_00394,Primary School Salem 39,Salem,connected,0.0,0.0,0.0,0.0,0.0,0,45,0.0,LOW,11.7921,78.3777,Primary
IND_00395,Upper Primary School Salem 40,Salem,connected,0.0,0.0,0.0,0.0,0.0,0,45,0.0,LOW,11.3642,78.2452,Upper Primary
IND_00396,Upper Primary School Vellore 1,Vellore,connected,0.0,0.0,0.0,0.0,0.0,0,45,0.0,LOW,12.7592,79.0645,Upper Primary
IND_00397,Upper Primary School Vellore 2,Vellore,connected,0.0,0.0,0.0,0.0,0.0,0,45,0.0,LOW,13.2127,78.9119,Upper Primary
IND_00398,Upper Primary School Vellore 3,Vellore,not_connected,4.66,0.0,4.7,0.0,2.8,15,45,17.8,MEDIUM,12.8769,79.2606,Upper Primary
IND_00399,Secondary School Vellore 4,Vellore,connected,0.0,0.0,0.0,0.0,0.0,0,45,0.0,LOW,12.697,78.8925,Secondary
IND_00400,Primary School Vellore 5,Vellore,not_connected,4.62,0.0,4.6,0.0,2.8,15,45,17.8,MEDIUM,12.7845,78.8777,Primary
IND_00401,Primary School Vellore 6,Vellore,connected,0.0,0.0,0.0,0.0,0.0,0,45,0.0,LOW,12.7351,79.024,Primary
IND_00402,Primary School Vellore 7,Vellore,not_connected,0.0,0.0,0.0,0.0,0.0,15,45,15.0,MEDIUM,12.6617,79.1414,Primary
IND_00403,Secondary School Vellore 8,Vellore,not_connected,0.0,0.0,0.0,0.0,0.0,15,45,15.0,MEDIUM,12.7602,79.154,Secondary
IND_00404,Primary School Vellore 9,Vellore,not_connected,0.0,0.0,0.0,0.0,0.0,15,45,15.0,MEDIUM,12.9398,79.0246,Primary
IND_00405,Upper Primary School Vellore 10,Vellore,not_connected,1.84,0.0,1.8,0.0,1.1,15,45,16.1,MEDIUM,13.2165,79.2271,Upper Primary
IND_00406,Upper Primary School Vellore 11,Vellore,not_connected,1.88,0.0,1.9,0.0,1.1,15,45,16.1,MEDIUM,12.8991,78.8661,Upper Primary
IND_00407,Primary School Vellore 12,Vellore,connected,0.0,0.0,0.0,0.0,0.0,0,45,0.0,LOW,12.7252,79.244,Primary
IND_00408,Secondary School Vellore 13,Vellore,connected,0.0,0.0,0.0,0.0,0.0,0,45,0.0,LOW,12.678,79.1002,Secondary
IND_00409,Higher Secondary School Vellore 14,Vellore,connected,0.0,0.0,0.0,0.0,0.0,0,45,0.0,LOW,13.0189,79.3073,Higher Secondary
IND_00410,Higher Secondary School Vellore 15,Vellore,not_connected,17.95,0.32,18.0,2.7,11.9,15,45,26.9,HIGH,12.8596,78.9214,Higher Secondary
IND_00411,Upper Primary School Vellore 16,Vellore,not_connected,46.63,0.1,46.6,0.8,28.3,15,45,43.3,HIGH,12.944,79.3352,Upper Primary
IND_00412,Primary School Vellore 17,Vellore,not_connected,0.0,0.0,0.0,0.0,0.0,15,45,15.0,MEDIUM,12.6735,79.2832,Primary
IND_00413,Primary School Vellore 18,Vellore,connected,4.74,0.0,4.7,0.0,2.8,0,45,2.8,LOW,13.0892,79.2552,Primary
IND_00414,Primary School Vellore 19,Vellore,not_connected,0.0,0.0,0.0,0.0,0.0,15,45,15.0,MEDIUM,12.7779,79.0461,Primary
IND_00415,Primary School Vellore 20,Vellore,connected,0.0,0.0,0.0,0.0,0.0,0,45,0.0,LOW,12.9523,79.0133,Primary
IND_00416,Higher Secondary School Vellore 21,Vellore,connected,0.0,0.0,0.0,0.0,0.0,0,45,0.0,LOW,12.9804,79.1394,Higher Secondary
IND_00417,Primary School Vellore 22,Vellore,not_connected,0.0,0.0,0.0,0.0,0.0,15,45,15.0,MEDIUM,13.2153,79.3409,Primary
IND_00418,Primary School Vellore 23,Vellore,not_connected,1.46,0.0,1.5,0.0,0.9,15,45,15.9,MEDIUM,12.6898,79.3205,Primary
IND_00419,Secondary School Vellore 24,Vellore,connected,11.4,0.0,11.4,0.0,6.8,0,45,6.8,LOW,13.1408,79.3136,Secondary
IND_00420,Primary School Vellore 25,Vellore,not_connected,0.0,0.0,0.0,0.0,0.0,15,45,15.0,MEDIUM,12.6686,79.0718,Primary
IND_00421,Upper Primary School Vellore 26,Vellore,not_connected,5.92,0.0,5.9,0.0,3.5,15,45,18.5,MEDIUM,12.8277,79.4154,Upper Primary
IND_00422,Higher Secondary School Vellore 27,Vellore,connected,3.11,0.0,3.1,0.0,1.9,0,45,1.9,LOW,12.6995,79.3472,Higher Secondary
IND_00423,Primary School Vellore 28,Vellore,connected,0.0,0.0,0.0,0.0,0.0,0,45,0.0,LOW,12.9838,79.2889,Primary
IND_00424,Primary School Vellore 29,Vellore,connected,17.09,0.45,17.1,3.7,11.7,0,45,11.7,MEDIUM,12.8592,78.9178,Primary
IND_00425,Higher Secondary School Vellore 30,Vellore,connected,0.0,0.0,0.0,0.0,0.0,0,45,0.0,LOW,12.6355,78.9111,Higher Secondary
IND_00426,Primary School Vellore 31,Vellore,connected,0.0,0.0,0.0,0.0,0.0,0,45,0.0,LOW,13.1995,79.0895,Primary
IND_00427,Upper Primary School Vellore 32,Vellore,connected,0.0,0.0,0.0,0.0,0.0,0,45,0.0,LOW,12.8837,78.8934,Upper Primary
IND_00428,Primary School Vellore 33,Vellore,connected,1.51,0.0,1.5,0.0,0.9,0,45,0.9,LOW,12.9918,79.2201,Primary
IND_00429,Primary School Vellore 34,Vellore,not_connected,4.0,0.0,4.0,0.0,2.4,15,45,17.4,MEDIUM,13.0885,79.1059,Primary
IND_00430,Higher Secondary School Vellore 35,Vellore,connected,1.95,0.0,2.0,0.0,1.2,0,45,1.2,LOW,12.6547,79.247,Higher Secondary
IND_00431,Primary School Kanchipuram 1,Kanchipuram,connected,0.0,0.0,0.0,0.0,0.0,0,45,0.0,LOW,12.6153,79.4728,Primary
IND_00432,Upper Primary School Kanchipuram 2,Kanchipuram,not_connected,20.24,1.59,20.2,13.2,17.4,15,45,32.4,HIGH,12.9453,79.4374,Upper Primary
IND_00433,Primary School Kanchipuram 3,Kanchipuram,not_connected,0.0,0.0,0.0,0.0,0.0,15,45,15.0,MEDIUM,13.0184,79.7691,Primary
IND_00434,Primary School Kanchipuram 4,Kanchipuram,not_connected,12.29,0.0,12.3,0.0,7.4,15,45,22.4,MEDIUM,12.8462,79.6557,Primary
IND_00435,Primary School Kanchipuram 5,Kanchipuram,connected,14.1,0.0,14.1,0.0,8.5,0,45,8.5,LOW,12.7999,79.5168,Primary
IND_00436,Secondary School Kanchipuram 6,Kanchipuram,connected,0.0,0.0,0.0,0.0,0.0,0,45,0.0,LOW,13.0265,79.8402,Secondary
IND_00437,Primary School Kanchipuram 7,Kanchipuram,connected,13.43,0.0,13.4,0.0,8.0,0,45,8.0,LOW,12.7797,79.6888,Primary
IND_00438,Upper Primary School Kanchipuram 8,Kanchipuram,connected,0.6,0.0,0.6,0.0,0.4,0,45,0.4,LOW,12.9862,79.4823,Upper Primary
IND_00439,Higher Secondary School Kanchipuram 9,Kanchipuram,not_connected,0.0,0.0,0.0,0.0,0.0,15,45,15.0,MEDIUM,12.5373,79.5447,Higher Secondary
IND_00440,Primary School Kanchipuram 10,Kanchipuram,connected,4.3,0.0,4.3,0.0,2.6,0,45,2.6,LOW,13.1057,79.6927,Primary
IND_00441,Primary School Kanchipuram 11,Kanchipuram,connected,10.17,0.03,10.2,0.2,6.2,0,45,6.2,LOW,12.8026,79.9066,Primary
IND_00442,Secondary School Kanchipuram 12,Kanchipuram,connected,2.86,0.0,2.9,0.0,1.7,0,45,1.7,LOW,12.62,79.5948,Secondary
IND_00443,Upper Primary School Kanchipuram 13,Kanchipuram,not_connected,12.53,0.92,12.5,7.6,10.5,15,45,25.5,HIGH,12.7555,79.6367,Upper Primary
IND_00444,Secondary School Kanchipuram 14,Kanchipuram,connected,0.0,0.0,0.0,0.0,0.0,0,45,0.0,LOW,13.0653,79.9732,Secondary
IND_00445,Primary School Kanchipuram 15,Kanchipuram,not_connected,0.0,0.0,0.0,0.0,0.0,15,45,15.0,MEDIUM,12.9429,79.6626,Primary
IND_00446,Upper Primary School Kanchipuram 16,Kanchipuram,not_connected,0.0,0.0,0.0,0.0,0.0,15,45,15.0,MEDIUM,12.5531,79.9411,Upper Primary
IND_00447,Upper Primary School Kanchipuram 17,Kanchipuram,not_connected,4.92,0.0,4.9,0.0,2.9,15,45,17.9,MEDIUM,12.9256,79.9371,Upper Primary
IND_00448,Primary School Kanchipuram 18,Kanchipuram,not_connected,5.24,0.08,5.2,0.7,3.4,15,45,18.4,MEDIUM,12.57,79.711,Primary
IND_00449,Primary School Kanchipuram 19,Kanchipuram,connected,4.76,0.0,4.8,0.0,2.9,0,45,2.9,LOW,12.8373,79.8081,Primary
IND_00450,Primary School Kanchipuram 20,Kanchipuram,connected,2.97,0.11,3.0,0.9,2.2,0,45,2.2,LOW,12.9598,79.4433,Primary
IND_00451,Primary School Kanchipuram 21,Kanchipuram,connected,0.0,0.0,0.0,0.0,0.0,0,45,0.0,LOW,13.1039,79.8425,Primary
IND_00452,Upper Primary School Kanchipuram 22,Kanchipuram,connected,3.85,0.0,3.8,0.0,2.3,0,45,2.3,LOW,12.7398,79.8648,Upper Primary
IND_00453,Upper Primary School Kanchipuram 23,Kanchipuram,not_connected,23.73,1.16,23.7,9.6,18.1,15,45,33.1,HIGH,12.6345,79.459,Upper Primary
IND_00454,Primary School Kanchipuram 24,Kanchipuram,not_connected,5.4,0.0,5.4,0.0,3.2,15,45,18.2,MEDIUM,12.689,79.4126,Primary
IND_00455,Upper Primary School Kanchipuram 25,Kanchipuram,connected,44.5,1.33,44.5,11.0,31.1,0,45,31.1,HIGH,12.7073,79.8615,Upper Primary
IND_00456,Upper Primary School Kanchipuram 26,Kanchipuram,not_connected,0.0,0.0,0.0,0.0,0.0,15,45,15.0,MEDIUM,12.6534,79.4728,Upper Primary
IND_00457,Primary School Kanchipuram 27,Kanchipuram,not_connected,7.1,0.0,7.1,0.0,4.3,15,45,19.3,MEDIUM,12.9163,79.7182,Primary
IND_00458,Higher Secondary School Kanchipuram 28,Kanchipuram,not_connected,0.0,0.0,0.0,0.0,0.0,15,45,15.0,MEDIUM,13.0092,79.5757,Higher Secondary
IND_00459,Secondary School Kanchipuram 29,Kanchipuram,not_connected,48.34,2.85,48.3,23.7,38.5,15,45,53.5,CRITICAL,12.8795,79.8488,Secondary
IND_00460,Higher Secondary School Kanchipuram 30,Kanchipuram,connected,10.05,0.0,10.0,0.0,6.0,0,45,6.0,LOW,12.6069,79.603,Higher Secondary
IND_00461,Upper Primary School Villupuram 1,Villupuram,not_connected,0.0,0.0,0.0,0.0,0.0,15,45,15.0,MEDIUM,11.8533,79.4492,Upper Primary
IND_00462,Primary School Villupuram 2,Villupuram,connected,11.83,0.0,11.8,0.0,7.1,0,45,7.1,LOW,12.1958,79.3344,Primary
IND_00463,Primary School Villupuram 3,Villupuram,not_connected,0.0,0.0,0.0,0.0,0.0,15,45,15.0,MEDIUM,12.1622,79.5775,Primary
IND_00464,Higher Secondary School Villupuram 4,Villupuram,connected,0.0,0.0,0.0,0.0,0.0,0,45,0.0,LOW,12.1468,79.6979,Higher Secondary
IND_00465,Secondary School Villupuram 5,Villupuram,not_connected,1.55,0.0,1.6,0.0,1.0,15,45,16.0,MEDIUM,12.083,79.4663,Secondary
IND_00466,Primary School Villupuram 6,Villupuram,connected,10.35,0.46,10.4,3.8,7.8,0,45,7.8,LOW,12.0959,79.5837,Primary
IND_00467,Primary School Villupuram 7,Villupuram,connected,18.17,0.0,18.2,0.0,10.9,0,45,10.9,MEDIUM,12.2208,79.7524,Primary
IND_00468,Secondary School Villupuram 8,Villupuram,connected,7.04,0.0,7.0,0.0,4.2,0,45,4.2,LOW,11.709,79.6256,Secondary
IND_00469,Secondary School Villupuram 9,Villupuram,connected,0.0,0.0,0.0,0.0,0.0,0,45,0.0,LOW,11.9335,79.6944,Secondary
IND_00470,Primary School Villupuram 10,Villupuram,connected,14.61,0.39,14.6,3.2,10.0,0,45,10.0,MEDIUM,11.9842,79.495,Primary
IND_00471,Upper Primary School Villupuram 11,Villupuram,not_connected,1.0,0.0,1.0,0.0,0.6,15,45,15.6,MEDIUM,12.0433,79.714,Upper Primary
IND_00472,Primary School Villupuram 12,Villupuram,connected,22.44,0.0,22.4,0.0,13.4,0,45,13.4,MEDIUM,11.726,79.4669,Primary
IND_00473,Primary School Villupuram 13,Villupuram,connected,7.71,0.0,7.7,0.0,4.6,0,45,4.6,LOW,12.0659,79.7851,Primary
IND_00474,Upper Primary School Villupuram 14,Villupuram,not_connected,0.0,0.0,0.0,0.0,0.0,15,45,15.0,MEDIUM,12.11,79.3124,Upper Primary
IND_00475,Primary School Villupuram 15,Villupuram,not_connected,10.78,0.0,10.8,0.0,6.5,15,45,21.5,MEDIUM,11.9996,79.3028,Primary
IND_00476,Secondary School Villupuram 16,Villupuram,connected,16.05,0.04,16.0,0.3,9.7,0,45,9.7,LOW,11.9625,79.1931,Secondary
IND_00477,Higher Secondary School Villupuram 17,Villupuram,connected,0.0,0.0,0.0,0.0,0.0,0,45,0.0,LOW,12.0774,79.3115,Higher Secondary
IND_00478,Primary School Villupuram 18,Villupuram,not_connected,3.87,0.0,3.9,0.0,2.3,15,45,17.3,MEDIUM,11.8262,79.2793,Primary
IND_00479,Upper Primary School Villupuram 19,Villupuram,not_connected,0.0,0.0,0.0,0.0,0.0,15,45,15.0,MEDIUM,12.2278,79.411,Upper Primary
IND_00480,Primary School Villupuram 20,Villupuram,connected,9.71,0.0,9.7,0.0,5.8,0,45,5.8,LOW,12.1617,79.5458,Primary
IND_00481,Upper Primary School Villupuram 21,Villupuram,connected,0.0,0.0,0.0,0.0,0.0,0,45,0.0,LOW,12.0474,79.1919,Upper Primary
IND_00482,Upper Primary School Villupuram 22,Villupuram,connected,0.0,0.0,0.0,0.0,0.0,0,45,0.0,LOW,12.1065,79.2458,Upper Primary
IND_00483,Upper Primary School Villupuram 23,Villupuram,connected,17.14,0.0,17.1,0.0,10.3,0,45,10.3,MEDIUM,12.0154,79.2289,Upper Primary
IND_00484,Upper Primary School Villupuram 24,Villupuram,not_connected,0.0,0.0,0.0,0.0,0.0,15,45,15.0,MEDIUM,11.9664,79.5521,Upper Primary
IND_00485,Upper Primary School Villupuram 25,Villupuram,connected,0.92,0.0,0.9,0.0,0.5,0,45,0.5,LOW,11.7919,79.685,Upper Primary
IND_00486,Secondary School Villupuram 26,Villupuram,not_connected,11.69,0.0,11.7,0.0,7.0,15,45,22.0,MEDIUM,11.6651,79.3905,Secondary
IND_00487,Upper Primary School Villupuram 27,Villupuram,connected,3.51,0.0,3.5,0.0,2.1,0,45,2.1,LOW,12.1032,79.5004,Upper Primary
IND_00488,Primary School Villupuram 28,Villupuram,connected,0.0,0.0,0.0,0.0,0.0,0,45,0.0,LOW,11.8269,79.4504,Primary
IND_00489,Higher Secondary School Villupuram 29,Villupuram,not_connected,0.16,0.0,0.2,0.0,0.1,15,45,15.1,MEDIUM,11.9889,79.6314,Higher Secondary
IND_00490,Upper Primary School Villupuram 30,Villupuram,not_connected,0.0,0.0,0.0,0.0,0.0,15,45,15.0,MEDIUM,12.0155,79.4427,Upper Primary
IND_00491,Secondary School Villupuram 31,Villupuram,connected,0.0,0.0,0.0,0.0,0.0,0,45,0.0,LOW,11.701,79.4359,Secondary
IND_00492,Primary School Villupuram 32,Villupuram,connected,1.37,0.0,1.4,0.0,0.8,0,45,0.8,LOW,11.9731,79.5427,Primary
IND_00493,Primary School Villupuram 33,Villupuram,not_connected,3.21,0.0,3.2,0.0,1.9,15,45,16.9,MEDIUM,11.8307,79.2057,Primary
IND_00494,Primary School Villupuram 34,Villupuram,not_connected,0.0,0.0,0.0,0.0,0.0,15,45,15.0,MEDIUM,11.7938,79.5008,Primary
IND_00495,Secondary School Villupuram 35,Villupuram,not_connected,30.54,0.0,30.5,0.0,18.3,15,45,33.3,HIGH,11.7856,79.4478,Secondary
IND_00496,Upper Primary School Ramanathapuram 1,Ramanathapuram,not_connected,99.32,0.0,99.3,0.0,59.6,15,85,74.6,CRITICAL,9.1817,79.0116,Upper Primary
IND_00497,Secondary School Ramanathapuram 2,Ramanathapuram,not_connected,0.0,0.0,0.0,0.0,0.0,15,85,15.0,MEDIUM,9.1501,78.5784,Secondary
IND_00498,Secondary School Ramanathapuram 3,Ramanathapuram,connected,89.6,0.0,89.6,0.0,53.8,0,85,53.8,CRITICAL,9.3321,78.9677,Secondary
IND_00499,Secondary School Ramanathapuram 4,Ramanathapuram,not_connected,12.3,0.0,12.3,0.0,7.4,15,85,22.4,MEDIUM,9.4361,78.6112,Secondary
IND_00500,Primary School Ramanathapuram 5,Ramanathapuram,connected,0.0,0.0,0.0,0.0,0.0,0,85,0.0,LOW,9.644,78.5714,Primary
IND_00501,Higher Secondary School Ramanathapuram 6,Ramanathapuram,connected,0.0,0.0,0.0,0.0,0.0,0,85,0.0,LOW,9.227,78.6782,Higher Secondary
IND_00502,Upper Primary School Ramanathapuram 7,Ramanathapuram,not_connected,99.34,0.0,99.3,0.0,59.6,15,85,74.6,CRITICAL,9.2332,78.9856,Upper Primary
IND_00503,Primary School Ramanathapuram 8,Ramanathapuram,connected,99.16,0.0,99.2,0.0,59.5,0,85,59.5,CRITICAL,9.1092,78.8225,Primary
IND_00504,Upper Primary School Ramanathapuram 9,Ramanathapuram,not_connected,0.22,0.0,0.2,0.0,0.1,15,85,15.1,MEDIUM,9.6139,78.6135,Upper Primary
IND_00505,Primary School Ramanathapuram 10,Ramanathapuram,not_connected,0.0,0.0,0.0,0.0,0.0,15,85,15.0,MEDIUM,9.2784,79.0699,Primary
IND_00506,Higher Secondary School Ramanathapuram 11,Ramanathapuram,connected,0.46,0.0,0.5,0.0,0.3,0,85,0.3,LOW,9.648,78.8661,Higher Secondary
IND_00507,Secondary School Ramanathapuram 12,Ramanathapuram,not_connected,5.28,0.0,5.3,0.0,3.2,15,85,18.2,MEDIUM,9.3213,78.6861,Secondary
IND_00508,Primary School Ramanathapuram 13,Ramanathapuram,not_connected,99.43,0.0,99.4,0.0,59.6,15,85,74.6,CRITICAL,9.2239,78.9225,Primary
IND_00509,Upper Primary School Ramanathapuram 14,Ramanathapuram,not_connected,99.28,0.0,99.3,0.0,59.6,15,85,74.6,CRITICAL,9.3484,79.1132,Upper Primary
IND_00510,Primary School Ramanathapuram 15,Ramanathapuram,connected,99.4,0.0,99.4,0.0,59.6,0,85,59.6,CRITICAL,9.1385,78.6207,Primary
IND_00511,Upper Primary School Ramanathapuram 16,Ramanathapuram,connected,0.0,0.0,0.0,0.0,0.0,0,85,0.0,LOW,9.5804,78.8667,Upper Primary
IND_00512,Primary School Ramanathapuram 17,Ramanathapuram,not_connected,99.29,0.0,99.3,0.0,59.6,15,85,74.6,CRITICAL,9.5861,78.9637,Primary
IND_00513,Upper Primary School Ramanathapuram 18,Ramanathapuram,not_connected,1.33,0.0,1.3,0.0,0.8,15,85,15.8,MEDIUM,9.3961,78.579,Upper Primary
IND_00514,Secondary School Ramanathapuram 19,Ramanathapuram,not_connected,99.33,0.0,99.3,0.0,59.6,15,85,74.6,CRITICAL,9.1695,79.0974,Secondary
IND_00515,Upper Primary School Ramanathapuram 20,Ramanathapuram,not_connected,8.29,0.0,8.3,0.0,5.0,15,85,20.0,MEDIUM,9.3474,78.7771,Upper Primary
IND_00516,Secondary School Ramanathapuram 21,Ramanathapuram,not_connected,98.99,0.0,99.0,0.0,59.4,15,85,74.4,CRITICAL,9.1074,78.8375,Secondary
IND_00517,Primary School Ramanathapuram 22,Ramanathapuram,connected,99.3,0.0,99.3,0.0,59.6,0,85,59.6,CRITICAL,9.1012,79.0018,Primary
IND_00518,Secondary School Ramanathapuram 23,Ramanathapuram,not_connected,99.19,0.0,99.2,0.0,59.5,15,85,74.5,CRITICAL,9.1688,78.7281,Secondary
IND_00519,Secondary School Ramanathapuram 24,Ramanathapuram,not_connected,99.22,5.0,99.2,41.5,76.1,15,85,91.1,CRITICAL,9.1929,79.0567,Secondary
IND_00520,Higher Secondary School Ramanathapuram 25,Ramanathapuram,not_connected,99.12,0.0,99.1,0.0,59.5,15,85,74.5,CRITICAL,9.2133,78.8007,Higher Secondary
IND_00521,Upper Primary School Thoothukudi 1,Thoothukudi,not_connected,2.17,0.0,2.2,0.0,1.3,15,85,16.3,MEDIUM,8.5163,77.8891,Upper Primary
IND_00522,Primary School Thoothukudi 2,Thoothukudi,not_connected,1.76,0.0,1.8,0.0,1.1,15,85,16.1,MEDIUM,8.8232,78.1487,Primary
IND_00523,Secondary School Thoothukudi 3,Thoothukudi,not_connected,0.0,0.0,0.0,0.0,0.0,15,85,15.0,MEDIUM,8.9933,78.0783,Secondary
IND_00524,Primary School Thoothukudi 4,Thoothukudi,not_connected,99.85,0.0,99.8,0.0,59.9,15,85,74.9,CRITICAL,8.6223,78.164,Primary
IND_00525,Secondary School Thoothukudi 5,Thoothukudi,not_connected,99.44,0.0,99.4,0.0,59.6,15,85,74.6,CRITICAL,8.8466,78.2307,Secondary
IND_00526,Primary School Thoothukudi 6,Thoothukudi,not_connected,0.0,0.0,0.0,0.0,0.0,15,85,15.0,MEDIUM,9.0491,78.1698,Primary
IND_00527,Secondary School Thoothukudi 7,Thoothukudi,not_connected,2.0,0.0,2.0,0.0,1.2,15,85,16.2,MEDIUM,8.976,78.0401,Secondary
IND_00528,Primary School Thoothukudi 8,Thoothukudi,connected,0.0,0.0,0.0,0.0,0.0,0,85,0.0,LOW,8.6661,78.4401,Primary
IND_00529,Upper Primary School Thoothukudi 9,Thoothukudi,connected,0.0,0.0,0.0,0.0,0.0,0,85,0.0,LOW,8.6105,78.3864,Upper Primary
IND_00530,Primary School Thoothukudi 10,Thoothukudi,not_connected,99.63,0.0,99.6,0.0,59.8,15,85,74.8,CRITICAL,8.7642,78.2192,Primary
IND_00531,Higher Secondary School Thoothukudi 11,Thoothukudi,not_connected,33.39,0.0,33.4,0.0,20.0,15,85,35.0,HIGH,8.9822,78.1531,Higher Secondary
IND_00532,Upper Primary School Thoothukudi 12,Thoothukudi,connected,0.0,0.0,0.0,0.0,0.0,0,85,0.0,LOW,9.0905,78.2508,Upper Primary
IND_00533,Primary School Thoothukudi 13,Thoothukudi,connected,0.0,0.0,0.0,0.0,0.0,0,85,0.0,LOW,9.0292,78.1065,Primary
IND_00534,Secondary School Thoothukudi 14,Thoothukudi,not_connected,95.28,3.47,95.3,28.8,68.7,15,85,83.7,CRITICAL,8.8359,78.1664,Secondary
IND_00535,Primary School Thoothukudi 15,Thoothukudi,not_connected,99.45,0.0,99.4,0.0,59.6,15,85,74.6,CRITICAL,8.5476,78.2889,Primary
IND_00536,Secondary School Thoothukudi 16,Thoothukudi,not_connected,0.0,0.0,0.0,0.0,0.0,15,85,15.0,MEDIUM,8.9914,78.1745,Secondary
IND_00537,Upper Primary School Thoothukudi 17,Thoothukudi,not_connected,99.76,0.0,99.8,0.0,59.9,15,85,74.9,CRITICAL,8.7827,78.343,Upper Primary
IND_00538,Primary School Thoothukudi 18,Thoothukudi,connected,99.75,0.0,99.8,0.0,59.9,0,85,59.9,CRITICAL,8.7965,78.3469,Primary
IND_00539,Primary School Thoothukudi 19,Thoothukudi,connected,99.33,0.0,99.3,0.0,59.6,0,85,59.6,CRITICAL,8.9272,78.3456,Primary
IND_00540,Upper Primary School Thoothukudi 20,Thoothukudi,not_connected,27.39,0.52,27.4,4.3,18.2,15,85,33.2,HIGH,8.5852,78.0588,Upper Primary
IND_00541,Primary School Thoothukudi 21,Thoothukudi,not_connected,99.58,0.0,99.6,0.0,59.8,15,85,74.8,CRITICAL,8.8907,78.2226,Primary
IND_00542,Upper Primary School Thoothukudi 22,Thoothukudi,connected,0.0,0.0,0.0,0.0,0.0,0,85,0.0,LOW,8.7828,78.4375,Upper Primary
IND_00543,Upper Primary School Thoothukudi 23,Thoothukudi,connected,0.0,0.0,0.0,0.0,0.0,0,85,0.0,LOW,8.9057,78.0451,Upper Primary
IND_00544,Primary School Thoothukudi 24,Thoothukudi,not_connected,99.81,0.0,99.8,0.0,59.9,15,85,74.9,CRITICAL,8.6049,78.3634,Primary
IND_00545,Upper Primary School Thoothukudi 25,Thoothukudi,not_connected,99.72,0.0,99.7,0.0,59.8,15,85,74.8,CRITICAL,8.6676,78.2357,Upper Primary
IND_00546,Primary School Thoothukudi 26,Thoothukudi,not_connected,0.0,0.0,0.0,0.0,0.0,15,85,15.0,MEDIUM,8.6832,77.9776,Primary
IND_00547,Secondary School Thoothukudi 27,Thoothukudi,not_connected,99.52,0.0,99.5,0.0,59.7,15,85,74.7,CRITICAL,8.8919,78.413,Secondary
IND_00548,Primary School Thoothukudi 28,Thoothukudi,not_connected,99.62,0.0,99.6,0.0,59.8,15,85,74.8,CRITICAL,8.9731,78.249,Primary
IND_00549,Primary School Thoothukudi 29,Thoothukudi,not_connected,99.77,4.59,99.8,38.1,75.1,15,85,90.1,CRITICAL,8.9024,78.1863,Primary
IND_00550,Upper Primary School Thoothukudi 30,Thoothukudi,not_connected,99.29,0.0,99.3,0.0,59.6,15,85,74.6,CRITICAL,8.7762,78.3687,Upper Primary
IND_00551,Upper Primary School Puducherry 1,Puducherry,connected,0.0,0.0,0.0,0.0,0.0,0,85,0.0,LOW,12.2161,79.5964,Upper Primary
IND_00552,Primary School Puducherry 2,Puducherry,not_connected,99.6,0.0,99.6,0.0,59.8,15,85,74.8,CRITICAL,12.0739,80.0808,Primary
IND_00553,Secondary School Puducherry 3,Puducherry,not_connected,0.0,0.0,0.0,0.0,0.0,15,85,15.0,MEDIUM,11.8053,80.0765,Secondary
IND_00554,Secondary School Puducherry 4,Puducherry,not_connected,0.0,0.0,0.0,0.0,0.0,15,85,15.0,MEDIUM,11.6408,80.1077,Secondary
IND_00555,Secondary School Puducherry 5,Puducherry,connected,0.0,0.06,0.0,0.5,0.2,0,85,0.2,LOW,12.1276,79.6989,Secondary
IND_00556,Primary School Puducherry 6,Puducherry,connected,4.44,0.0,4.4,0.0,2.6,0,85,2.6,LOW,12.0522,79.8544,Primary
IND_00557,Primary School Puducherry 7,Puducherry,not_connected,99.29,0.0,99.3,0.0,59.6,15,85,74.6,CRITICAL,11.6374,79.8113,Primary
IND_00558,Secondary School Puducherry 8,Puducherry,connected,1.96,0.0,2.0,0.0,1.2,0,85,1.2,LOW,11.8083,79.71,Secondary
IND_00559,Upper Primary School Puducherry 9,Puducherry,not_connected,99.49,0.0,99.5,0.0,59.7,15,85,74.7,CRITICAL,12.1717,80.0414,Upper Primary
IND_00560,Primary School Puducherry 10,Puducherry,connected,2.02,0.0,2.0,0.0,1.2,0,85,1.2,LOW,12.1654,79.6412,Primary
IND_00561,Upper Primary School Puducherry 11,Puducherry,not_connected,7.54,0.0,7.5,0.0,4.5,15,85,19.5,MEDIUM,12.1067,79.5508,Upper Primary
IND_00562,Primary School Puducherry 12,Puducherry,not_connected,3.66,1.4,3.7,11.6,6.9,15,85,21.9,MEDIUM,12.1434,79.8429,Primary
IND_00563,Primary School Puducherry 13,Puducherry,not_connected,0.0,0.0,0.0,0.0,0.0,15,85,15.0,MEDIUM,11.9894,79.599,Primary
IND_00564,Secondary School Puducherry 14,Puducherry,not_connected,99.15,0.0,99.2,0.0,59.5,15,85,74.5,CRITICAL,12.0315,80.0276,Secondary
IND_00565,Primary School Puducherry 15,Puducherry,not_connected,0.0,0.0,0.0,0.0,0.0,15,85,15.0,MEDIUM,11.9405,79.7883,Primary
IND_00566,Secondary School Puducherry 16,Puducherry,not_connected,2.79,0.0,2.8,0.0,1.7,15,85,16.7,MEDIUM,12.0943,79.8912,Secondary
IND_00567,Upper Primary School Puducherry 17,Puducherry,not_connected,99.6,0.0,99.6,0.0,59.8,15,85,74.8,CRITICAL,11.9943,79.9088,Upper Primary
IND_00568,Primary School Puducherry 18,Puducherry,not_connected,99.83,0.0,99.8,0.0,59.9,15,85,74.9,CRITICAL,11.7725,79.8374,Primary
IND_00569,Higher Secondary School Puducherry 19,Puducherry,not_connected,99.14,0.0,99.1,0.0,59.5,15,85,74.5,CRITICAL,11.9226,79.9213,Higher Secondary
IND_00570,Upper Primary School Puducherry 20,Puducherry,connected,0.75,2.26,0.8,18.8,8.0,0,85,8.0,LOW,12.0762,79.8338,Upper Primary
